event_time,event_n,mean_gap,median_gap,min_gap,max_gap
-4,4,-0.11447642410030649,-0.2145510668174474,-0.39944096371135884,0.3706374009450277
-3,6,0.0780130946819751,0.033868237920514827,-0.7433237246104649,0.8701643056647722
-2,6,0.13979091826007203,-0.08682204872115046,-0.2954006163279216,1.1556866898828624
-1,8,0.0,0.0,0.0,0.0
0,4,0.02333279629659222,0.08317877255694968,-0.22911547629301213,0.15608911636548164
1,7,-0.002326558240062373,-0.16132478836255196,-1.024531361568405,1.9905188511002738
2,7,0.14820617455761229,-0.18960446340066417,-0.3035774087331381,1.3923934731528023
3,8,0.2985142490217434,0.13181752472251623,-0.18694492950234362,1.2679323971828567
4,6,0.008217036831661417,-0.18728361945007288,-0.8690379010625633,1.4342301544153466
