case_id,dependence_cluster,family,primary_bundle_id,canonical_source_lock,coverage_status,expected_observation_scope,negative_closure_candidate,translation_sensitivity_required,primary_analysis_eligible,notes
SUM_OB,SUMERIAN_OB,flood,B_FLOOD_SUM_OB,ETCSL Oxford,partial_fragmentary,in-window,false,case_specific,true,Positive evidence usable. Fragmentary preservation means this bundle cannot establish absence for all flood motifs.
SUM_OB,SUMERIAN_OB,anthropogony,B_ANTH_SUM_OB,ETCSL Oxford,closed_focal_passage,in-window,true,case_specific,true,Replaces the defective Pilot Sumerian Flood Story anthropogony witness.
SUM_OB,SUMERIAN_OB,divine_conflict,,,no_defensible_primary_bundle,not_observed_by_design,false,false,false,"No source bundle satisfying the frozen v0.2 primary-family observation design is declared; this is missing coverage, never motif absence."
AKK_OB,AKKADIAN_CONTINUUM,flood,B_FLOOD_AKK_OB,"Lambert & Millard; Civil, Atra-hasis",closed_focal_narrative,in-window,true,true,true,Absence means absent from the frozen Tablet III flood bundle only.
AKK_OB,AKKADIAN_CONTINUUM,anthropogony,B_ANTH_AKK_OB,Lambert & Millard; Civil,closed_focal_narrative,in-window,true,true,true,Clay/body-material/labour distinctions use v0.2 rules.
AKK_OB,AKKADIAN_CONTINUUM,divine_conflict,B_DIV_AKK_OB,Lambert & Millard; Civil,closed_selected_rebellion_sequence,in-window,true,case_specific,true,"Included for rebellion/council structure, not storm-opponent motifs."
AKK_MB_SB,AKKADIAN_CONTINUUM,flood,B_FLOOD_AKK_SB,Andrew George 2003 critical edition,closed_focal_narrative,in-window,true,true,true,Standard Babylonian layer kept separate from Old Babylonian Atrahasis.
AKK_MB_SB,AKKADIAN_CONTINUUM,anthropogony,B_ANTH_AKK_SB,"W. G. Lambert 2013, Babylonian Creation Myths",closed_focal_narrative,in-window,true,true,true,Kept separate from Atrahasis despite shared Mesopotamian repertoire.
AKK_MB_SB,AKKADIAN_CONTINUUM,divine_conflict,B_DIV_AKK_SB,W. G. Lambert 2013,closed_selected_multitablet_bundle,in-window,true,case_specific,true,Cross-family body-to-cosmos links are recorded but not duplicated as independent derived counts.
HUR_LBA,KUMARBI_TRANSMISSION_CLUSTER,flood,,,no_defensible_primary_bundle,not_observed_by_design,false,false,false,"No source bundle satisfying the frozen v0.2 primary-family observation design is declared; this is missing coverage, never motif absence."
HUR_LBA,KUMARBI_TRANSMISSION_CLUSTER,anthropogony,,,no_defensible_primary_bundle,not_observed_by_design,false,false,false,"No source bundle satisfying the frozen v0.2 primary-family observation design is declared; this is missing coverage, never motif absence."
HUR_LBA,KUMARBI_TRANSMISSION_CLUSTER,divine_conflict,B_DIV_HUR_LBA,Güterbock/Hoffner; hethiter.net source apparatus,partial_transmitted_source_layer,inherited_or_transmitted,false,case_specific,true,"Hurrian source layer and Hittite witness are analytically linked, not IID."
HIT_LBA,KUMARBI_TRANSMISSION_CLUSTER,flood,,,no_defensible_primary_bundle,not_observed_by_design,false,false,false,"No source bundle satisfying the frozen v0.2 primary-family observation design is declared; this is missing coverage, never motif absence."
HIT_LBA,KUMARBI_TRANSMISSION_CLUSTER,anthropogony,,,no_defensible_primary_bundle,not_observed_by_design,false,false,false,"No source bundle satisfying the frozen v0.2 primary-family observation design is declared; this is missing coverage, never motif absence."
HIT_LBA,KUMARBI_TRANSMISSION_CLUSTER,divine_conflict,B_DIV_HIT_LBA,Hittite text tradition / scholarly editions,closed_two_version_bundle,in-window,true,case_specific,true,Native Hittite conflict bundle; separate from Hurrian Kumarbi/Ullikummi source layer.
UGARIT_LBA,UGARITIC_LBA,flood,,,no_defensible_primary_bundle,not_observed_by_design,false,false,false,"No source bundle satisfying the frozen v0.2 primary-family observation design is declared; this is missing coverage, never motif absence."
UGARIT_LBA,UGARITIC_LBA,anthropogony,,,no_defensible_primary_bundle,not_observed_by_design,false,false,false,"No source bundle satisfying the frozen v0.2 primary-family observation design is declared; this is missing coverage, never motif absence."
UGARIT_LBA,UGARITIC_LBA,divine_conflict,B_DIV_UGARIT_LBA,Mark S. Smith 1994 critical text/translation/commentary,closed_focal_tablet_column,in-window,true,true,true,Pilot exposure-contaminated kingship cell does not carry forward; v0.2 is a clean recode.
EGY_MK,EGYPTIAN_CONTINUUM,flood,,,no_defensible_primary_bundle,not_observed_by_design,false,false,false,"No source bundle satisfying the frozen v0.2 primary-family observation design is declared; this is missing coverage, never motif absence."
EGY_MK,EGYPTIAN_CONTINUUM,anthropogony,,,no_defensible_primary_bundle,not_observed_by_design,false,false,false,"No source bundle satisfying the frozen v0.2 primary-family observation design is declared; this is missing coverage, never motif absence."
EGY_MK,EGYPTIAN_CONTINUUM,divine_conflict,,,no_defensible_primary_bundle,not_observed_by_design,false,false,false,"No source bundle satisfying the frozen v0.2 primary-family observation design is declared; this is missing coverage, never motif absence."
EGY_NK,EGYPTIAN_CONTINUUM,flood,,,no_defensible_primary_bundle,not_observed_by_design,false,false,false,"No source bundle satisfying the frozen v0.2 primary-family observation design is declared; this is missing coverage, never motif absence."
EGY_NK,EGYPTIAN_CONTINUUM,anthropogony,,,no_defensible_primary_bundle,not_observed_by_design,false,false,false,"No source bundle satisfying the frozen v0.2 primary-family observation design is declared; this is missing coverage, never motif absence."
EGY_NK,EGYPTIAN_CONTINUUM,divine_conflict,B_DIV_EGY_NK,Primary papyrus + scholarly edition,closed_focal_narrative_clean_recode_required,in-window,true,true,true,Pilot controller codes are excluded; no v0.2 coder may see them.
VED_RV,VEDIC_CONTINUUM,flood,,,no_defensible_primary_bundle,not_observed_by_design,false,false,false,"No source bundle satisfying the frozen v0.2 primary-family observation design is declared; this is missing coverage, never motif absence."
VED_RV,VEDIC_CONTINUUM,anthropogony,B_ANTH_VED_RV,Jamison & Brereton / OUP reference translation,closed_selected_hymn_passage,in-window,true,true,true,Body-sacrifice/social-order motifs distinguished from divine-body material mixed into a formed human.
VED_RV,VEDIC_CONTINUUM,divine_conflict,B_DIV_VED_RV,Jamison & Brereton / OUP reference translation,closed_selected_hymn,in-window,true,true,true,Storm-serpent and storm-sea remain separate motifs.
GRC_ARCH,GREEK_ARCHAIC,flood,,,no_defensible_primary_bundle,not_observed_by_design,false,false,false,"No source bundle satisfying the frozen v0.2 primary-family observation design is declared; this is missing coverage, never motif absence."
GRC_ARCH,GREEK_ARCHAIC,anthropogony,,,no_defensible_primary_bundle,not_observed_by_design,false,false,false,"No source bundle satisfying the frozen v0.2 primary-family observation design is declared; this is missing coverage, never motif absence."
GRC_ARCH,GREEK_ARCHAIC,divine_conflict,B_DIV_GRC_ARCH,Greek text / Perseus-Loeb tradition,closed_selected_three_passage_bundle,in-window,true,case_specific,true,Expanded from the Pilot locator so actual effected succession/conflict is not inferred from a prophecy-only passage.
HEB_GEN,HEBREW_GENESIS,flood,B_FLOOD_HEB_GEN,Biblia Hebraica Stuttgartensia / source-critical scholarship,closed_composite_text_bundle,in-window,true,case_specific,true,"Primary bundle is the extant flood complex; composition layers are a planned sensitivity, not silently collapsed causal evidence."
HEB_GEN,HEBREW_GENESIS,anthropogony,B_ANTH_HEB_GEN,BHS / source-critical scholarship,closed_selected_two_passage_bundle,in-window,true,case_specific,true,Primary bundle is explicitly composite; results must survive or be qualified by source-layer split.
HEB_GEN,HEBREW_GENESIS,divine_conflict,,,no_defensible_primary_bundle,not_observed_by_design,false,false,false,"No source bundle satisfying the frozen v0.2 primary-family observation design is declared; this is missing coverage, never motif absence."
AVE_EARLY,AVESTAN_VIDEVDAD,flood,,,no_defensible_primary_bundle,not_observed_by_design,false,false,false,"No source bundle satisfying the frozen v0.2 primary-family observation design is declared; this is missing coverage, never motif absence."
AVE_EARLY,AVESTAN_VIDEVDAD,anthropogony,,,no_defensible_primary_bundle,not_observed_by_design,false,false,false,"No source bundle satisfying the frozen v0.2 primary-family observation design is declared; this is missing coverage, never motif absence."
AVE_EARLY,AVESTAN_VIDEVDAD,divine_conflict,,,no_defensible_primary_bundle,not_observed_by_design,false,false,false,"No source bundle satisfying the frozen v0.2 primary-family observation design is declared; this is missing coverage, never motif absence."
EGY_OK,EGYPTIAN_CONTINUUM,flood,,,no_defensible_primary_bundle,not_observed_by_design,false,false,false,"No source bundle satisfying the frozen v0.2 primary-family observation design is declared; this is missing coverage, never motif absence."
EGY_OK,EGYPTIAN_CONTINUUM,anthropogony,,,no_defensible_primary_bundle,not_observed_by_design,false,false,false,"No source bundle satisfying the frozen v0.2 primary-family observation design is declared; this is missing coverage, never motif absence."
EGY_OK,EGYPTIAN_CONTINUUM,divine_conflict,,,no_defensible_primary_bundle,not_observed_by_design,false,false,false,"No source bundle satisfying the frozen v0.2 primary-family observation design is declared; this is missing coverage, never motif absence."
VED_SB,VEDIC_CONTINUUM,flood,B_FLOOD_VED_SB,Madhyandina text; Eggeling SBE translation as public anchor,closed_focal_narrative,in-window,true,true,true,Separate later-Vedic case; never back-project to Rigveda.
VED_SB,VEDIC_CONTINUUM,anthropogony,,,no_defensible_primary_bundle,not_observed_by_design,false,false,false,"No source bundle satisfying the frozen v0.2 primary-family observation design is declared; this is missing coverage, never motif absence."
VED_SB,VEDIC_CONTINUUM,divine_conflict,,,no_defensible_primary_bundle,not_observed_by_design,false,false,false,"No source bundle satisfying the frozen v0.2 primary-family observation design is declared; this is missing coverage, never motif absence."
CHN_YAO,OLD_CHINESE_CONTINUUM,flood,B_FLOOD_CHN_YAO,Received Chinese text + source-critical scholarship,closed_selected_passage_chronology_uncertain,uncertain,true,true,true,"This is deliberately a flood-control contrast, not assumed to be an exterminatory deluge."
CHN_YAO,OLD_CHINESE_CONTINUUM,anthropogony,,,no_defensible_primary_bundle,not_observed_by_design,false,false,false,"No source bundle satisfying the frozen v0.2 primary-family observation design is declared; this is missing coverage, never motif absence."
CHN_YAO,OLD_CHINESE_CONTINUUM,divine_conflict,,,no_defensible_primary_bundle,not_observed_by_design,false,false,false,"No source bundle satisfying the frozen v0.2 primary-family observation design is declared; this is missing coverage, never motif absence."
CHN_HUAI,OLD_CHINESE_CONTINUUM,flood,,,no_defensible_primary_bundle,not_observed_by_design,false,false,false,"No source bundle satisfying the frozen v0.2 primary-family observation design is declared; this is missing coverage, never motif absence."
CHN_HUAI,OLD_CHINESE_CONTINUUM,anthropogony,,,no_defensible_primary_bundle,not_observed_by_design,false,false,false,"No source bundle satisfying the frozen v0.2 primary-family observation design is declared; this is missing coverage, never motif absence."
CHN_HUAI,OLD_CHINESE_CONTINUUM,divine_conflict,,,no_defensible_primary_bundle,not_observed_by_design,false,false,false,"No source bundle satisfying the frozen v0.2 primary-family observation design is declared; this is missing coverage, never motif absence."
