case_id,country,outcome_genocide,case_type,start_year,end_year,identity_source,identity_status,date_status,source_note,A_R,A_R_status,A_R_source,A_R_note,P_R,P_R_status,P_R_source,P_R_note,W_R,W_R_status,W_R_source,W_R_note,I_R,I_R_status,I_R_source,I_R_note,S_R,S_R_status,S_R_source,S_R_note,E_R,E_R_status,E_R_source,E_R_note,A_M,A_M_status,A_M_source,A_M_note,P_M,P_M_status,P_M_source,P_M_note,W_M,W_M_status,W_M_source,W_M_note,I_M,I_M_status,I_M_source,I_M_note,S_M,S_M_status,S_M_source,S_M_note,E_M,E_M_status,E_M_source,E_M_note
AFG_1978_1992,Afghanistan,1,genocide_episode,1978,1992,Williams 2016 positive-case list,published-positive,published-positive-date,Williams 2016 positive-case appendix/list,,UNRESOLVED,,,,UNRESOLVED,,,,UNRESOLVED,,,,UNRESOLVED,,,,UNRESOLVED,,,,UNRESOLVED,,,,UNRESOLVED,,,,UNRESOLVED,,,,UNRESOLVED,,,,UNRESOLVED,,,,UNRESOLVED,,,,UNRESOLVED,,
DZA_1962_1962,Algeria,1,genocide_episode,1962,1962,Williams 2016 positive-case list,published-positive,published-positive-date,Williams 2016 positive-case appendix/list,,UNRESOLVED,,,,UNRESOLVED,,,,UNRESOLVED,,,,UNRESOLVED,,,,UNRESOLVED,,,,UNRESOLVED,,,,UNRESOLVED,,,,UNRESOLVED,,,,UNRESOLVED,,,,UNRESOLVED,,,,UNRESOLVED,,,,UNRESOLVED,,
AGO_1998_2002,Angola,1,genocide_episode,1998,2002,Williams 2016 positive-case list,published-positive,published-positive-date,Williams 2016 positive-case appendix/list,,UNRESOLVED,,,,UNRESOLVED,,,,UNRESOLVED,,,,UNRESOLVED,,,,UNRESOLVED,,,,UNRESOLVED,,,,UNRESOLVED,,,,UNRESOLVED,,,,UNRESOLVED,,,,UNRESOLVED,,,,UNRESOLVED,,,,UNRESOLVED,,
AGO_1975_1994,Angola,1,genocide_episode,1975,1994,Williams 2016 positive-case list,published-positive,published-positive-date,Williams 2016 positive-case appendix/list,,UNRESOLVED,,,,UNRESOLVED,,,,UNRESOLVED,,,,UNRESOLVED,,,,UNRESOLVED,,,,UNRESOLVED,,,,UNRESOLVED,,,,UNRESOLVED,,,,UNRESOLVED,,,,UNRESOLVED,,,,UNRESOLVED,,,,UNRESOLVED,,
ARG_1976_1980,Argentina,1,genocide_episode,1976,1980,Williams 2016 positive-case list,published-positive,published-positive-date,Williams 2016 positive-case appendix/list,,UNRESOLVED,,,,UNRESOLVED,,,,UNRESOLVED,,,,UNRESOLVED,,,,UNRESOLVED,,,,UNRESOLVED,,,,UNRESOLVED,,,,UNRESOLVED,,,,UNRESOLVED,,,,UNRESOLVED,,,,UNRESOLVED,,,,UNRESOLVED,,
BIH_1992_1995,Bosnia,1,genocide_episode,1992,1995,Williams 2016 positive-case list,published-positive,published-positive-date,Williams 2016 positive-case appendix/list,,UNRESOLVED,,,,UNRESOLVED,,,,UNRESOLVED,,,,UNRESOLVED,,,,UNRESOLVED,,,,UNRESOLVED,,,,UNRESOLVED,,,,UNRESOLVED,,,,UNRESOLVED,,,,UNRESOLVED,,,,UNRESOLVED,,,,UNRESOLVED,,
BDI_1993_1993,Burundi,1,genocide_episode,1993,1993,Williams 2016 positive-case list,published-positive,published-positive-date,Williams 2016 positive-case appendix/list,,UNRESOLVED,,,,UNRESOLVED,,,,UNRESOLVED,,,,UNRESOLVED,,,,UNRESOLVED,,,,UNRESOLVED,,,,UNRESOLVED,,,,UNRESOLVED,,,,UNRESOLVED,,,,UNRESOLVED,,,,UNRESOLVED,,,,UNRESOLVED,,
BDI_1988_1988,Burundi,1,genocide_episode,1988,1988,Williams 2016 positive-case list,published-positive,published-positive-date,Williams 2016 positive-case appendix/list,,UNRESOLVED,,,,UNRESOLVED,,,,UNRESOLVED,,,,UNRESOLVED,,,,UNRESOLVED,,,,UNRESOLVED,,,,UNRESOLVED,,,,UNRESOLVED,,,,UNRESOLVED,,,,UNRESOLVED,,,,UNRESOLVED,,,,UNRESOLVED,,
BDI_1965_1973,Burundi,1,genocide_episode,1965,1973,Williams 2016 positive-case list,published-positive,published-positive-date,Williams 2016 positive-case appendix/list,,UNRESOLVED,,,,UNRESOLVED,,,,UNRESOLVED,,,,UNRESOLVED,,,,UNRESOLVED,,,,UNRESOLVED,,,,UNRESOLVED,,,,UNRESOLVED,,,,UNRESOLVED,,,,UNRESOLVED,,,,UNRESOLVED,,,,UNRESOLVED,,
KHM_1975_1979,Cambodia,1,genocide_episode,1975,1979,Williams 2016 positive-case list,published-positive,published-positive-date,Williams 2016 positive-case appendix/list,,UNRESOLVED,,,,UNRESOLVED,,,,UNRESOLVED,,,,UNRESOLVED,,,,UNRESOLVED,,,,UNRESOLVED,,,,UNRESOLVED,,,,UNRESOLVED,,,,UNRESOLVED,,,,UNRESOLVED,,,,UNRESOLVED,,,,UNRESOLVED,,
CHL_1973_1976,Chile,1,genocide_episode,1973,1976,Williams 2016 positive-case list,published-positive,published-positive-date,Williams 2016 positive-case appendix/list,,UNRESOLVED,,,,UNRESOLVED,,,,UNRESOLVED,,,,UNRESOLVED,,,,UNRESOLVED,,,,UNRESOLVED,,,,UNRESOLVED,,,,UNRESOLVED,,,,UNRESOLVED,,,,UNRESOLVED,,,,UNRESOLVED,,,,UNRESOLVED,,
CHN_1959_1959,China,1,genocide_episode,1959,1959,Williams 2016 positive-case list,published-positive,published-positive-date,Williams 2016 positive-case appendix/list,,UNRESOLVED,,,,UNRESOLVED,,,,UNRESOLVED,,,,UNRESOLVED,,,,UNRESOLVED,,,,UNRESOLVED,,,,UNRESOLVED,,,,UNRESOLVED,,,,UNRESOLVED,,,,UNRESOLVED,,,,UNRESOLVED,,,,UNRESOLVED,,
CHN_1966_1975,China,1,genocide_episode,1966,1975,Williams 2016 positive-case list,published-positive,published-positive-date,Williams 2016 positive-case appendix/list,,UNRESOLVED,,,,UNRESOLVED,,,,UNRESOLVED,,,,UNRESOLVED,,,,UNRESOLVED,,,,UNRESOLVED,,,,UNRESOLVED,,,,UNRESOLVED,,,,UNRESOLVED,,,,UNRESOLVED,,,,UNRESOLVED,,,,UNRESOLVED,,
COD_1964_1965,DR Congo,1,genocide_episode,1964,1965,Williams 2016 positive-case list,published-positive,published-positive-date,Williams 2016 positive-case appendix/list,,UNRESOLVED,,,,UNRESOLVED,,,,UNRESOLVED,,,,UNRESOLVED,,,,UNRESOLVED,,,,UNRESOLVED,,,,UNRESOLVED,,,,UNRESOLVED,,,,UNRESOLVED,,,,UNRESOLVED,,,,UNRESOLVED,,,,UNRESOLVED,,
COD_1977_1979,DR Congo,1,genocide_episode,1977,1979,Williams 2016 positive-case list,published-positive,published-positive-date,Williams 2016 positive-case appendix/list,,UNRESOLVED,,,,UNRESOLVED,,,,UNRESOLVED,,,,UNRESOLVED,,,,UNRESOLVED,,,,UNRESOLVED,,,,UNRESOLVED,,,,UNRESOLVED,,,,UNRESOLVED,,,,UNRESOLVED,,,,UNRESOLVED,,,,UNRESOLVED,,
SLV_1980_1989,El Salvador,1,genocide_episode,1980,1989,Williams 2016 positive-case list,published-positive,published-positive-date,Williams 2016 positive-case appendix/list,,UNRESOLVED,,,,UNRESOLVED,,,,UNRESOLVED,,,,UNRESOLVED,,,,UNRESOLVED,,,,UNRESOLVED,,,,UNRESOLVED,,,,UNRESOLVED,,,,UNRESOLVED,,,,UNRESOLVED,,,,UNRESOLVED,,,,UNRESOLVED,,
GNQ_1969_1979,Equatorial Guinea,1,genocide_episode,1969,1979,Williams 2016 positive-case list,published-positive,published-positive-date,Williams 2016 positive-case appendix/list,,UNRESOLVED,,,,UNRESOLVED,,,,UNRESOLVED,,,,UNRESOLVED,,,,UNRESOLVED,,,,UNRESOLVED,,,,UNRESOLVED,,,,UNRESOLVED,,,,UNRESOLVED,,,,UNRESOLVED,,,,UNRESOLVED,,,,UNRESOLVED,,
ETH_1976_1979,Ethiopia,1,genocide_episode,1976,1979,Williams 2016 positive-case list,published-positive,published-positive-date,Williams 2016 positive-case appendix/list,,UNRESOLVED,,,,UNRESOLVED,,,,UNRESOLVED,,,,UNRESOLVED,,,,UNRESOLVED,,,,UNRESOLVED,,,,UNRESOLVED,,,,UNRESOLVED,,,,UNRESOLVED,,,,UNRESOLVED,,,,UNRESOLVED,,,,UNRESOLVED,,
GTM_1978_1990,Guatemala,1,genocide_episode,1978,1990,Williams 2016 positive-case list,published-positive,published-positive-date,Williams 2016 positive-case appendix/list,,UNRESOLVED,,,,UNRESOLVED,,,,UNRESOLVED,,,,UNRESOLVED,,,,UNRESOLVED,,,,UNRESOLVED,,,,UNRESOLVED,,,,UNRESOLVED,,,,UNRESOLVED,,,,UNRESOLVED,,,,UNRESOLVED,,,,UNRESOLVED,,
IDN_1965_1966,Indonesia,1,genocide_episode,1965,1966,Williams 2016 positive-case list,published-positive,published-positive-date,Williams 2016 positive-case appendix/list,,UNRESOLVED,,,,UNRESOLVED,,,,UNRESOLVED,,,,UNRESOLVED,,,,UNRESOLVED,,,,UNRESOLVED,,,,UNRESOLVED,,,,UNRESOLVED,,,,UNRESOLVED,,,,UNRESOLVED,,,,UNRESOLVED,,,,UNRESOLVED,,
IDN_1975_1992,Indonesia,1,genocide_episode,1975,1992,Williams 2016 positive-case list,published-positive,published-positive-date,Williams 2016 positive-case appendix/list,,UNRESOLVED,,,,UNRESOLVED,,,,UNRESOLVED,,,,UNRESOLVED,,,,UNRESOLVED,,,,UNRESOLVED,,,,UNRESOLVED,,,,UNRESOLVED,,,,UNRESOLVED,,,,UNRESOLVED,,,,UNRESOLVED,,,,UNRESOLVED,,
IRN_1981_1992,Iran,1,genocide_episode,1981,1992,Williams 2016 positive-case list,published-positive,published-positive-date,Williams 2016 positive-case appendix/list,,UNRESOLVED,,,,UNRESOLVED,,,,UNRESOLVED,,,,UNRESOLVED,,,,UNRESOLVED,,,,UNRESOLVED,,,,UNRESOLVED,,,,UNRESOLVED,,,,UNRESOLVED,,,,UNRESOLVED,,,,UNRESOLVED,,,,UNRESOLVED,,
IRQ_1988_1991,Iraq,1,genocide_episode,1988,1991,Williams 2016 positive-case list,published-positive,published-positive-date,Williams 2016 positive-case appendix/list,,UNRESOLVED,,,,UNRESOLVED,,,,UNRESOLVED,,,,UNRESOLVED,,,,UNRESOLVED,,,,UNRESOLVED,,,,UNRESOLVED,,,,UNRESOLVED,,,,UNRESOLVED,,,,UNRESOLVED,,,,UNRESOLVED,,,,UNRESOLVED,,
IRQ_1963_1975,Iraq,1,genocide_episode,1963,1975,Williams 2016 positive-case list,published-positive,published-positive-date,Williams 2016 positive-case appendix/list,,UNRESOLVED,,,,UNRESOLVED,,,,UNRESOLVED,,,,UNRESOLVED,,,,UNRESOLVED,,,,UNRESOLVED,,,,UNRESOLVED,,,,UNRESOLVED,,,,UNRESOLVED,,,,UNRESOLVED,,,,UNRESOLVED,,,,UNRESOLVED,,
MMR_1978_1978,Myanmar (Burma),1,genocide_episode,1978,1978,Williams 2016 positive-case list,published-positive,published-positive-date,Williams 2016 positive-case appendix/list,,UNRESOLVED,,,,UNRESOLVED,,,,UNRESOLVED,,,,UNRESOLVED,,,,UNRESOLVED,,,,UNRESOLVED,,,,UNRESOLVED,,,,UNRESOLVED,,,,UNRESOLVED,,,,UNRESOLVED,,,,UNRESOLVED,,,,UNRESOLVED,,
NGA_1967_1970,Nigeria,1,genocide_episode,1967,1970,Williams 2016 positive-case list,published-positive,published-positive-date,Williams 2016 positive-case appendix/list,,UNRESOLVED,,,,UNRESOLVED,,,,UNRESOLVED,,,,UNRESOLVED,,,,UNRESOLVED,,,,UNRESOLVED,,,,UNRESOLVED,,,,UNRESOLVED,,,,UNRESOLVED,,,,UNRESOLVED,,,,UNRESOLVED,,,,UNRESOLVED,,
PAK_1973_1977,Pakistan,1,genocide_episode,1973,1977,Williams 2016 positive-case list,published-positive,published-positive-date,Williams 2016 positive-case appendix/list,,UNRESOLVED,,,,UNRESOLVED,,,,UNRESOLVED,,,,UNRESOLVED,,,,UNRESOLVED,,,,UNRESOLVED,,,,UNRESOLVED,,,,UNRESOLVED,,,,UNRESOLVED,,,,UNRESOLVED,,,,UNRESOLVED,,,,UNRESOLVED,,
PAKBGD_1971_1971,Pakistan (now Bangladesh),1,genocide_episode,1971,1971,Williams 2016 positive-case list,published-positive,published-positive-date,Williams 2016 positive-case appendix/list,,UNRESOLVED,,,,UNRESOLVED,,,,UNRESOLVED,,,,UNRESOLVED,,,,UNRESOLVED,,,,UNRESOLVED,,,,UNRESOLVED,,,,UNRESOLVED,,,,UNRESOLVED,,,,UNRESOLVED,,,,UNRESOLVED,,,,UNRESOLVED,,
PHL_1972_1976,Philippines,1,genocide_episode,1972,1976,Williams 2016 positive-case list,published-positive,published-positive-date,Williams 2016 positive-case appendix/list,,UNRESOLVED,,,,UNRESOLVED,,,,UNRESOLVED,,,,UNRESOLVED,,,,UNRESOLVED,,,,UNRESOLVED,,,,UNRESOLVED,,,,UNRESOLVED,,,,UNRESOLVED,,,,UNRESOLVED,,,,UNRESOLVED,,,,UNRESOLVED,,
RWA_1994_1994,Rwanda,1,genocide_episode,1994,1994,Williams 2016 positive-case list,published-positive,published-positive-date,Williams 2016 positive-case appendix/list,,UNRESOLVED,,,,UNRESOLVED,,,,UNRESOLVED,,,,UNRESOLVED,,,,UNRESOLVED,,,,UNRESOLVED,,,,UNRESOLVED,,,,UNRESOLVED,,,,UNRESOLVED,,,,UNRESOLVED,,,,UNRESOLVED,,,,UNRESOLVED,,
RWA_1963_1964,Rwanda,1,genocide_episode,1963,1964,Williams 2016 positive-case list,published-positive,published-positive-date,Williams 2016 positive-case appendix/list,,UNRESOLVED,,,,UNRESOLVED,,,,UNRESOLVED,,,,UNRESOLVED,,,,UNRESOLVED,,,,UNRESOLVED,,,,UNRESOLVED,,,,UNRESOLVED,,,,UNRESOLVED,,,,UNRESOLVED,,,,UNRESOLVED,,,,UNRESOLVED,,
SOM_1988_1991,Somalia,1,genocide_episode,1988,1991,Williams 2016 positive-case list,published-positive,published-positive-date,Williams 2016 positive-case appendix/list,,UNRESOLVED,,,,UNRESOLVED,,,,UNRESOLVED,,,,UNRESOLVED,,,,UNRESOLVED,,,,UNRESOLVED,,,,UNRESOLVED,,,,UNRESOLVED,,,,UNRESOLVED,,,,UNRESOLVED,,,,UNRESOLVED,,,,UNRESOLVED,,
LKA_1989_1990,Sri Lanka,1,genocide_episode,1989,1990,Williams 2016 positive-case list,published-positive,published-positive-date,Williams 2016 positive-case appendix/list,,UNRESOLVED,,,,UNRESOLVED,,,,UNRESOLVED,,,,UNRESOLVED,,,,UNRESOLVED,,,,UNRESOLVED,,,,UNRESOLVED,,,,UNRESOLVED,,,,UNRESOLVED,,,,UNRESOLVED,,,,UNRESOLVED,,,,UNRESOLVED,,
SDN_1983_2002,Sudan,1,genocide_episode,1983,2002,Williams 2016 positive-case list,published-positive,published-positive-date,Williams 2016 positive-case appendix/list,,UNRESOLVED,,,,UNRESOLVED,,,,UNRESOLVED,,,,UNRESOLVED,,,,UNRESOLVED,,,,UNRESOLVED,,,,UNRESOLVED,,,,UNRESOLVED,,,,UNRESOLVED,,,,UNRESOLVED,,,,UNRESOLVED,,,,UNRESOLVED,,
SDN_1956_1972,Sudan,1,genocide_episode,1956,1972,Williams 2016 positive-case list,published-positive,published-positive-date,Williams 2016 positive-case appendix/list,,UNRESOLVED,,,,UNRESOLVED,,,,UNRESOLVED,,,,UNRESOLVED,,,,UNRESOLVED,,,,UNRESOLVED,,,,UNRESOLVED,,,,UNRESOLVED,,,,UNRESOLVED,,,,UNRESOLVED,,,,UNRESOLVED,,,,UNRESOLVED,,
SYR_1981_1982,Syria,1,genocide_episode,1981,1982,Williams 2016 positive-case list,published-positive,published-positive-date,Williams 2016 positive-case appendix/list,,UNRESOLVED,,,,UNRESOLVED,,,,UNRESOLVED,,,,UNRESOLVED,,,,UNRESOLVED,,,,UNRESOLVED,,,,UNRESOLVED,,,,UNRESOLVED,,,,UNRESOLVED,,,,UNRESOLVED,,,,UNRESOLVED,,,,UNRESOLVED,,
UGA_1971_1979,Uganda,1,genocide_episode,1971,1979,Williams 2016 positive-case list,published-positive,published-positive-date,Williams 2016 positive-case appendix/list,,UNRESOLVED,,,,UNRESOLVED,,,,UNRESOLVED,,,,UNRESOLVED,,,,UNRESOLVED,,,,UNRESOLVED,,,,UNRESOLVED,,,,UNRESOLVED,,,,UNRESOLVED,,,,UNRESOLVED,,,,UNRESOLVED,,,,UNRESOLVED,,
UGA_1980_1986,Uganda,1,genocide_episode,1980,1986,Williams 2016 positive-case list,published-positive,published-positive-date,Williams 2016 positive-case appendix/list,,UNRESOLVED,,,,UNRESOLVED,,,,UNRESOLVED,,,,UNRESOLVED,,,,UNRESOLVED,,,,UNRESOLVED,,,,UNRESOLVED,,,,UNRESOLVED,,,,UNRESOLVED,,,,UNRESOLVED,,,,UNRESOLVED,,,,UNRESOLVED,,
VNM_S_1965_1975,Vietnam South,1,genocide_episode,1965,1975,Williams 2016 positive-case list,published-positive,published-positive-date,Williams 2016 positive-case appendix/list,,UNRESOLVED,,,,UNRESOLVED,,,,UNRESOLVED,,,,UNRESOLVED,,,,UNRESOLVED,,,,UNRESOLVED,,,,UNRESOLVED,,,,UNRESOLVED,,,,UNRESOLVED,,,,UNRESOLVED,,,,UNRESOLVED,,,,UNRESOLVED,,
YUG_1998_1999,Yugoslavia,1,genocide_episode,1998,1999,Williams 2016 positive-case list,published-positive,published-positive-date,Williams 2016 positive-case appendix/list,,UNRESOLVED,,,,UNRESOLVED,,,,UNRESOLVED,,,,UNRESOLVED,,,,UNRESOLVED,,,,UNRESOLVED,,,,UNRESOLVED,,,,UNRESOLVED,,,,UNRESOLVED,,,,UNRESOLVED,,,,UNRESOLVED,,,,UNRESOLVED,,
ALB_1996,Albania,0,Complex,1996,1997,SCIP-2006-vintage consolidated page,reconstructed-v1,provisional-vintage-date,Identity reconstructed from the Williams-era SCIP consolidated-event frame; dates remain source-vintage values pending exact 2010 snapshot recovery.,,UNRESOLVED,,,,UNRESOLVED,,,,UNRESOLVED,,,,UNRESOLVED,,,,UNRESOLVED,,,,UNRESOLVED,,,,UNRESOLVED,,,,UNRESOLVED,,,,UNRESOLVED,,,,UNRESOLVED,,,,UNRESOLVED,,,,UNRESOLVED,,
DZA_1991,Algeria,0,Complex,1991,2004,SCIP-2006-vintage consolidated page,reconstructed-v1,provisional-vintage-date,Identity reconstructed from the Williams-era SCIP consolidated-event frame; dates remain source-vintage values pending exact 2010 snapshot recovery.,,UNRESOLVED,,,,UNRESOLVED,,,,UNRESOLVED,,,,UNRESOLVED,,,,UNRESOLVED,,,,UNRESOLVED,,,,UNRESOLVED,,,,UNRESOLVED,,,,UNRESOLVED,,,,UNRESOLVED,,,,UNRESOLVED,,,,UNRESOLVED,,
ARG_1966,Argentina,0,Regime Change,1966,1966,SCIP-2006-vintage consolidated page,reconstructed-v1,provisional-vintage-date,Identity reconstructed from the Williams-era SCIP consolidated-event frame; dates remain source-vintage values pending exact 2010 snapshot recovery.,,UNRESOLVED,,,,UNRESOLVED,,,,UNRESOLVED,,,,UNRESOLVED,,,,UNRESOLVED,,,,UNRESOLVED,,,,UNRESOLVED,,,,UNRESOLVED,,,,UNRESOLVED,,,,UNRESOLVED,,,,UNRESOLVED,,,,UNRESOLVED,,
ARM_1995,Armenia,0,Regime Change,1995,1996,SCIP-2006-vintage consolidated page,reconstructed-v1,provisional-vintage-date,Identity reconstructed from the Williams-era SCIP consolidated-event frame; dates remain source-vintage values pending exact 2010 snapshot recovery.,,UNRESOLVED,,,,UNRESOLVED,,,,UNRESOLVED,,,,UNRESOLVED,,,,UNRESOLVED,,,,UNRESOLVED,,,,UNRESOLVED,,,,UNRESOLVED,,,,UNRESOLVED,,,,UNRESOLVED,,,,UNRESOLVED,,,,UNRESOLVED,,
AZE_1991,Azerbaijan,0,Complex,1991,1997,SCIP-2006-vintage consolidated page,reconstructed-v1,provisional-vintage-date,Identity reconstructed from the Williams-era SCIP consolidated-event frame; dates remain source-vintage values pending exact 2010 snapshot recovery.,,UNRESOLVED,,,,UNRESOLVED,,,,UNRESOLVED,,,,UNRESOLVED,,,,UNRESOLVED,,,,UNRESOLVED,,,,UNRESOLVED,,,,UNRESOLVED,,,,UNRESOLVED,,,,UNRESOLVED,,,,UNRESOLVED,,,,UNRESOLVED,,
BGD_1974,Bangladesh,0,Complex,1974,1991,SCIP-2006-vintage consolidated page,reconstructed-v1,provisional-vintage-date,Identity reconstructed from the Williams-era SCIP consolidated-event frame; dates remain source-vintage values pending exact 2010 snapshot recovery.,,UNRESOLVED,,,,UNRESOLVED,,,,UNRESOLVED,,,,UNRESOLVED,,,,UNRESOLVED,,,,UNRESOLVED,,,,UNRESOLVED,,,,UNRESOLVED,,,,UNRESOLVED,,,,UNRESOLVED,,,,UNRESOLVED,,,,UNRESOLVED,,
BLR_1995,Belarus,0,Regime Change,1995,1996,SCIP-2006-vintage consolidated page,reconstructed-v1,provisional-vintage-date,Identity reconstructed from the Williams-era SCIP consolidated-event frame; dates remain source-vintage values pending exact 2010 snapshot recovery.,,UNRESOLVED,,,,UNRESOLVED,,,,UNRESOLVED,,,,UNRESOLVED,,,,UNRESOLVED,,,,UNRESOLVED,,,,UNRESOLVED,,,,UNRESOLVED,,,,UNRESOLVED,,,,UNRESOLVED,,,,UNRESOLVED,,,,UNRESOLVED,,
BEN_1963,Benin,0,Regime Change,1963,1965,SCIP-2006-vintage consolidated page,reconstructed-v1,provisional-vintage-date,Identity reconstructed from the Williams-era SCIP consolidated-event frame; dates remain source-vintage values pending exact 2010 snapshot recovery.,,UNRESOLVED,,,,UNRESOLVED,,,,UNRESOLVED,,,,UNRESOLVED,,,,UNRESOLVED,,,,UNRESOLVED,,,,UNRESOLVED,,,,UNRESOLVED,,,,UNRESOLVED,,,,UNRESOLVED,,,,UNRESOLVED,,,,UNRESOLVED,,
BEN_1972,Benin,0,Regime Change,1972,1972,SCIP-2006-vintage consolidated page,reconstructed-v1,provisional-vintage-date,Identity reconstructed from the Williams-era SCIP consolidated-event frame; dates remain source-vintage values pending exact 2010 snapshot recovery.,,UNRESOLVED,,,,UNRESOLVED,,,,UNRESOLVED,,,,UNRESOLVED,,,,UNRESOLVED,,,,UNRESOLVED,,,,UNRESOLVED,,,,UNRESOLVED,,,,UNRESOLVED,,,,UNRESOLVED,,,,UNRESOLVED,,,,UNRESOLVED,,
BRA_1961,Brazil,0,Regime Change,1961,1965,SCIP-2006-vintage consolidated page,reconstructed-v1,provisional-vintage-date,Identity reconstructed from the Williams-era SCIP consolidated-event frame; dates remain source-vintage values pending exact 2010 snapshot recovery.,,UNRESOLVED,,,,UNRESOLVED,,,,UNRESOLVED,,,,UNRESOLVED,,,,UNRESOLVED,,,,UNRESOLVED,,,,UNRESOLVED,,,,UNRESOLVED,,,,UNRESOLVED,,,,UNRESOLVED,,,,UNRESOLVED,,,,UNRESOLVED,,
BFA_1980,Burkina Faso,0,Regime Change,1980,1980,SCIP-2006-vintage consolidated page,reconstructed-v1,provisional-vintage-date,Identity reconstructed from the Williams-era SCIP consolidated-event frame; dates remain source-vintage values pending exact 2010 snapshot recovery.,,UNRESOLVED,,,,UNRESOLVED,,,,UNRESOLVED,,,,UNRESOLVED,,,,UNRESOLVED,,,,UNRESOLVED,,,,UNRESOLVED,,,,UNRESOLVED,,,,UNRESOLVED,,,,UNRESOLVED,,,,UNRESOLVED,,,,UNRESOLVED,,
KHM_1997,Cambodia,0,Regime Change,1997,1997,SCIP-2006-vintage consolidated page,reconstructed-v1,provisional-vintage-date,Identity reconstructed from the Williams-era SCIP consolidated-event frame; dates remain source-vintage values pending exact 2010 snapshot recovery.,,UNRESOLVED,,,,UNRESOLVED,,,,UNRESOLVED,,,,UNRESOLVED,,,,UNRESOLVED,,,,UNRESOLVED,,,,UNRESOLVED,,,,UNRESOLVED,,,,UNRESOLVED,,,,UNRESOLVED,,,,UNRESOLVED,,,,UNRESOLVED,,
TCD_1965,Chad,0,Complex,1965,1994,SCIP-2006-vintage consolidated page,reconstructed-v1,provisional-vintage-date,Identity reconstructed from the Williams-era SCIP consolidated-event frame; dates remain source-vintage values pending exact 2010 snapshot recovery.,,UNRESOLVED,,,,UNRESOLVED,,,,UNRESOLVED,,,,UNRESOLVED,,,,UNRESOLVED,,,,UNRESOLVED,,,,UNRESOLVED,,,,UNRESOLVED,,,,UNRESOLVED,,,,UNRESOLVED,,,,UNRESOLVED,,,,UNRESOLVED,,
CHN_1988,China,0,Complex,1988,1998,SCIP-2006-vintage consolidated page,reconstructed-v1,provisional-vintage-date,Identity reconstructed from the Williams-era SCIP consolidated-event frame; dates remain source-vintage values pending exact 2010 snapshot recovery.,,UNRESOLVED,,,,UNRESOLVED,,,,UNRESOLVED,,,,UNRESOLVED,,,,UNRESOLVED,,,,UNRESOLVED,,,,UNRESOLVED,,,,UNRESOLVED,,,,UNRESOLVED,,,,UNRESOLVED,,,,UNRESOLVED,,,,UNRESOLVED,,
COL_1984,Colombia,0,Revolutionary War,1984,,SCIP-2006-vintage consolidated page,reconstructed-v1,cross-version-date-drift,Case identity is stable; exact begin date differs in later PITF versions and must be resolved before condition coding.,,UNRESOLVED,,,,UNRESOLVED,,,,UNRESOLVED,,,,UNRESOLVED,,,,UNRESOLVED,,,,UNRESOLVED,,,,UNRESOLVED,,,,UNRESOLVED,,,,UNRESOLVED,,,,UNRESOLVED,,,,UNRESOLVED,,,,UNRESOLVED,,
COM_1976,Comoros,0,Regime Change,1976,1976,SCIP-2006-vintage consolidated page,reconstructed-v1,provisional-vintage-date,Identity reconstructed from the Williams-era SCIP consolidated-event frame; dates remain source-vintage values pending exact 2010 snapshot recovery.,,UNRESOLVED,,,,UNRESOLVED,,,,UNRESOLVED,,,,UNRESOLVED,,,,UNRESOLVED,,,,UNRESOLVED,,,,UNRESOLVED,,,,UNRESOLVED,,,,UNRESOLVED,,,,UNRESOLVED,,,,UNRESOLVED,,,,UNRESOLVED,,
COM_1995,Comoros,0,Complex,1995,1999,SCIP-2006-vintage consolidated page,reconstructed-v1,provisional-vintage-date,Identity reconstructed from the Williams-era SCIP consolidated-event frame; dates remain source-vintage values pending exact 2010 snapshot recovery.,,UNRESOLVED,,,,UNRESOLVED,,,,UNRESOLVED,,,,UNRESOLVED,,,,UNRESOLVED,,,,UNRESOLVED,,,,UNRESOLVED,,,,UNRESOLVED,,,,UNRESOLVED,,,,UNRESOLVED,,,,UNRESOLVED,,,,UNRESOLVED,,
COG_1963,Congo-Brazzaville,0,Regime Change,1963,1963,SCIP-2006-vintage consolidated page,reconstructed-v1,provisional-vintage-date,Identity reconstructed from the Williams-era SCIP consolidated-event frame; dates remain source-vintage values pending exact 2010 snapshot recovery.,,UNRESOLVED,,,,UNRESOLVED,,,,UNRESOLVED,,,,UNRESOLVED,,,,UNRESOLVED,,,,UNRESOLVED,,,,UNRESOLVED,,,,UNRESOLVED,,,,UNRESOLVED,,,,UNRESOLVED,,,,UNRESOLVED,,,,UNRESOLVED,,
COG_1997,Congo-Brazzaville,0,Complex,1997,1999,SCIP-2006-vintage consolidated page,reconstructed-v1,provisional-vintage-date,Identity reconstructed from the Williams-era SCIP consolidated-event frame; dates remain source-vintage values pending exact 2010 snapshot recovery.,,UNRESOLVED,,,,UNRESOLVED,,,,UNRESOLVED,,,,UNRESOLVED,,,,UNRESOLVED,,,,UNRESOLVED,,,,UNRESOLVED,,,,UNRESOLVED,,,,UNRESOLVED,,,,UNRESOLVED,,,,UNRESOLVED,,,,UNRESOLVED,,
COD_1992,Congo-Kinshasa,0,Complex,1992,,SCIP-2006-vintage consolidated page,reconstructed-v1,provisional-vintage-date,Identity reconstructed from the Williams-era SCIP consolidated-event frame; dates remain source-vintage values pending exact 2010 snapshot recovery.,,UNRESOLVED,,,,UNRESOLVED,,,,UNRESOLVED,,,,UNRESOLVED,,,,UNRESOLVED,,,,UNRESOLVED,,,,UNRESOLVED,,,,UNRESOLVED,,,,UNRESOLVED,,,,UNRESOLVED,,,,UNRESOLVED,,,,UNRESOLVED,,
HRV_1991,Croatia,0,Ethnic War,1991,1995,SCIP-2006-vintage consolidated page,reconstructed-v1,provisional-vintage-date,Identity reconstructed from the Williams-era SCIP consolidated-event frame; dates remain source-vintage values pending exact 2010 snapshot recovery.,,UNRESOLVED,,,,UNRESOLVED,,,,UNRESOLVED,,,,UNRESOLVED,,,,UNRESOLVED,,,,UNRESOLVED,,,,UNRESOLVED,,,,UNRESOLVED,,,,UNRESOLVED,,,,UNRESOLVED,,,,UNRESOLVED,,,,UNRESOLVED,,
CYP_1963,Cyprus,0,Complex,1963,1968,SCIP-2006-vintage consolidated page,reconstructed-v1,provisional-vintage-date,Identity reconstructed from the Williams-era SCIP consolidated-event frame; dates remain source-vintage values pending exact 2010 snapshot recovery.,,UNRESOLVED,,,,UNRESOLVED,,,,UNRESOLVED,,,,UNRESOLVED,,,,UNRESOLVED,,,,UNRESOLVED,,,,UNRESOLVED,,,,UNRESOLVED,,,,UNRESOLVED,,,,UNRESOLVED,,,,UNRESOLVED,,,,UNRESOLVED,,
CYP_1974,Cyprus,0,Complex,1974,1974,SCIP-2006-vintage consolidated page,reconstructed-v1,provisional-vintage-date,Identity reconstructed from the Williams-era SCIP consolidated-event frame; dates remain source-vintage values pending exact 2010 snapshot recovery.,,UNRESOLVED,,,,UNRESOLVED,,,,UNRESOLVED,,,,UNRESOLVED,,,,UNRESOLVED,,,,UNRESOLVED,,,,UNRESOLVED,,,,UNRESOLVED,,,,UNRESOLVED,,,,UNRESOLVED,,,,UNRESOLVED,,,,UNRESOLVED,,
CSK_1968,Czechoslovakia,0,Regime Change,1968,1969,SCIP-2006-vintage consolidated page,reconstructed-v1,provisional-vintage-date,Identity reconstructed from the Williams-era SCIP consolidated-event frame; dates remain source-vintage values pending exact 2010 snapshot recovery.,,UNRESOLVED,,,,UNRESOLVED,,,,UNRESOLVED,,,,UNRESOLVED,,,,UNRESOLVED,,,,UNRESOLVED,,,,UNRESOLVED,,,,UNRESOLVED,,,,UNRESOLVED,,,,UNRESOLVED,,,,UNRESOLVED,,,,UNRESOLVED,,
DJI_1991,Djibouti,0,Ethnic War,1991,1994,PITF-2010-cited + PITF-2014/2017-confirmed,reconstructed-v1,provisional-vintage-date,Absent from current SCIP HTML rendering but present in cited PITF 2010-era literature and confirmed in PITF 2014/2017; included to restore the published 99-control universe.,,UNRESOLVED,,,,UNRESOLVED,,,,UNRESOLVED,,,,UNRESOLVED,,,,UNRESOLVED,,,,UNRESOLVED,,,,UNRESOLVED,,,,UNRESOLVED,,,,UNRESOLVED,,,,UNRESOLVED,,,,UNRESOLVED,,,,UNRESOLVED,,
DOM_1963,Dominican Republic,0,Complex,1963,1966,SCIP-2006-vintage consolidated page,reconstructed-v1,provisional-vintage-date,Identity reconstructed from the Williams-era SCIP consolidated-event frame; dates remain source-vintage values pending exact 2010 snapshot recovery.,,UNRESOLVED,,,,UNRESOLVED,,,,UNRESOLVED,,,,UNRESOLVED,,,,UNRESOLVED,,,,UNRESOLVED,,,,UNRESOLVED,,,,UNRESOLVED,,,,UNRESOLVED,,,,UNRESOLVED,,,,UNRESOLVED,,,,UNRESOLVED,,
ECU_1970,Ecuador,0,Regime Change,1970,1972,SCIP-2006-vintage consolidated page,reconstructed-v1,provisional-vintage-date,Identity reconstructed from the Williams-era SCIP consolidated-event frame; dates remain source-vintage values pending exact 2010 snapshot recovery.,,UNRESOLVED,,,,UNRESOLVED,,,,UNRESOLVED,,,,UNRESOLVED,,,,UNRESOLVED,,,,UNRESOLVED,,,,UNRESOLVED,,,,UNRESOLVED,,,,UNRESOLVED,,,,UNRESOLVED,,,,UNRESOLVED,,,,UNRESOLVED,,
EGY_1992,Egypt,0,Revolutionary War,1992,1999,SCIP-2006-vintage consolidated page,reconstructed-v1,provisional-vintage-date,Identity reconstructed from the Williams-era SCIP consolidated-event frame; dates remain source-vintage values pending exact 2010 snapshot recovery.,,UNRESOLVED,,,,UNRESOLVED,,,,UNRESOLVED,,,,UNRESOLVED,,,,UNRESOLVED,,,,UNRESOLVED,,,,UNRESOLVED,,,,UNRESOLVED,,,,UNRESOLVED,,,,UNRESOLVED,,,,UNRESOLVED,,,,UNRESOLVED,,
FJI_1987,Fiji,0,Regime Change,1987,1987,SCIP-2006-vintage consolidated page,reconstructed-v1,provisional-vintage-date,Identity reconstructed from the Williams-era SCIP consolidated-event frame; dates remain source-vintage values pending exact 2010 snapshot recovery.,,UNRESOLVED,,,,UNRESOLVED,,,,UNRESOLVED,,,,UNRESOLVED,,,,UNRESOLVED,,,,UNRESOLVED,,,,UNRESOLVED,,,,UNRESOLVED,,,,UNRESOLVED,,,,UNRESOLVED,,,,UNRESOLVED,,,,UNRESOLVED,,
FRA_1958,France,0,Regime Change,1958,1958,SCIP-2006-vintage consolidated page,reconstructed-v1,provisional-vintage-date,Identity reconstructed from the Williams-era SCIP consolidated-event frame; dates remain source-vintage values pending exact 2010 snapshot recovery.,,UNRESOLVED,,,,UNRESOLVED,,,,UNRESOLVED,,,,UNRESOLVED,,,,UNRESOLVED,,,,UNRESOLVED,,,,UNRESOLVED,,,,UNRESOLVED,,,,UNRESOLVED,,,,UNRESOLVED,,,,UNRESOLVED,,,,UNRESOLVED,,
GMB_1994,The Gambia,0,Regime Change,1994,1994,SCIP-2006-vintage consolidated page,reconstructed-v1,provisional-vintage-date,Identity reconstructed from the Williams-era SCIP consolidated-event frame; dates remain source-vintage values pending exact 2010 snapshot recovery.,,UNRESOLVED,,,,UNRESOLVED,,,,UNRESOLVED,,,,UNRESOLVED,,,,UNRESOLVED,,,,UNRESOLVED,,,,UNRESOLVED,,,,UNRESOLVED,,,,UNRESOLVED,,,,UNRESOLVED,,,,UNRESOLVED,,,,UNRESOLVED,,
GEO_1991,Georgia,0,Complex,1991,1993,SCIP-2006-vintage consolidated page,reconstructed-v1,provisional-vintage-date,Identity reconstructed from the Williams-era SCIP consolidated-event frame; dates remain source-vintage values pending exact 2010 snapshot recovery.,,UNRESOLVED,,,,UNRESOLVED,,,,UNRESOLVED,,,,UNRESOLVED,,,,UNRESOLVED,,,,UNRESOLVED,,,,UNRESOLVED,,,,UNRESOLVED,,,,UNRESOLVED,,,,UNRESOLVED,,,,UNRESOLVED,,,,UNRESOLVED,,
GHA_1972,Ghana,0,Regime Change,1972,1972,SCIP-2006-vintage consolidated page,reconstructed-v1,provisional-vintage-date,Identity reconstructed from the Williams-era SCIP consolidated-event frame; dates remain source-vintage values pending exact 2010 snapshot recovery.,,UNRESOLVED,,,,UNRESOLVED,,,,UNRESOLVED,,,,UNRESOLVED,,,,UNRESOLVED,,,,UNRESOLVED,,,,UNRESOLVED,,,,UNRESOLVED,,,,UNRESOLVED,,,,UNRESOLVED,,,,UNRESOLVED,,,,UNRESOLVED,,
GHA_1981,Ghana,0,Regime Change,1981,1981,SCIP-2006-vintage consolidated page,reconstructed-v1,provisional-vintage-date,Identity reconstructed from the Williams-era SCIP consolidated-event frame; dates remain source-vintage values pending exact 2010 snapshot recovery.,,UNRESOLVED,,,,UNRESOLVED,,,,UNRESOLVED,,,,UNRESOLVED,,,,UNRESOLVED,,,,UNRESOLVED,,,,UNRESOLVED,,,,UNRESOLVED,,,,UNRESOLVED,,,,UNRESOLVED,,,,UNRESOLVED,,,,UNRESOLVED,,
GRC_1967,Greece,0,Regime Change,1967,1967,SCIP-2006-vintage consolidated page,reconstructed-v1,provisional-vintage-date,Identity reconstructed from the Williams-era SCIP consolidated-event frame; dates remain source-vintage values pending exact 2010 snapshot recovery.,,UNRESOLVED,,,,UNRESOLVED,,,,UNRESOLVED,,,,UNRESOLVED,,,,UNRESOLVED,,,,UNRESOLVED,,,,UNRESOLVED,,,,UNRESOLVED,,,,UNRESOLVED,,,,UNRESOLVED,,,,UNRESOLVED,,,,UNRESOLVED,,
GNB_1998,Guinea-Bissau,0,Complex,1998,2003,SCIP-2006-vintage consolidated page,reconstructed-v1,provisional-vintage-date,Identity reconstructed from the Williams-era SCIP consolidated-event frame; dates remain source-vintage values pending exact 2010 snapshot recovery.,,UNRESOLVED,,,,UNRESOLVED,,,,UNRESOLVED,,,,UNRESOLVED,,,,UNRESOLVED,,,,UNRESOLVED,,,,UNRESOLVED,,,,UNRESOLVED,,,,UNRESOLVED,,,,UNRESOLVED,,,,UNRESOLVED,,,,UNRESOLVED,,
GUY_1978,Guyana,0,Regime Change,1978,1980,SCIP-2006-vintage consolidated page,reconstructed-v1,provisional-vintage-date,Identity reconstructed from the Williams-era SCIP consolidated-event frame; dates remain source-vintage values pending exact 2010 snapshot recovery.,,UNRESOLVED,,,,UNRESOLVED,,,,UNRESOLVED,,,,UNRESOLVED,,,,UNRESOLVED,,,,UNRESOLVED,,,,UNRESOLVED,,,,UNRESOLVED,,,,UNRESOLVED,,,,UNRESOLVED,,,,UNRESOLVED,,,,UNRESOLVED,,
HTI_1991,Haiti,0,Regime Change,1991,1991,SCIP-2006-vintage consolidated page,reconstructed-v1,provisional-vintage-date,Identity reconstructed from the Williams-era SCIP consolidated-event frame; dates remain source-vintage values pending exact 2010 snapshot recovery.,,UNRESOLVED,,,,UNRESOLVED,,,,UNRESOLVED,,,,UNRESOLVED,,,,UNRESOLVED,,,,UNRESOLVED,,,,UNRESOLVED,,,,UNRESOLVED,,,,UNRESOLVED,,,,UNRESOLVED,,,,UNRESOLVED,,,,UNRESOLVED,,
HUN_1956,Hungary,0,Complex,1956,1957,SCIP-2006-vintage consolidated page,reconstructed-v1,provisional-vintage-date,Identity reconstructed from the Williams-era SCIP consolidated-event frame; dates remain source-vintage values pending exact 2010 snapshot recovery.,,UNRESOLVED,,,,UNRESOLVED,,,,UNRESOLVED,,,,UNRESOLVED,,,,UNRESOLVED,,,,UNRESOLVED,,,,UNRESOLVED,,,,UNRESOLVED,,,,UNRESOLVED,,,,UNRESOLVED,,,,UNRESOLVED,,,,UNRESOLVED,,
IND_1956,India,0,Ethnic War,1956,1958,SCIP-2006-vintage consolidated page,reconstructed-v1,provisional-vintage-date,Identity reconstructed from the Williams-era SCIP consolidated-event frame; dates remain source-vintage values pending exact 2010 snapshot recovery.,,UNRESOLVED,,,,UNRESOLVED,,,,UNRESOLVED,,,,UNRESOLVED,,,,UNRESOLVED,,,,UNRESOLVED,,,,UNRESOLVED,,,,UNRESOLVED,,,,UNRESOLVED,,,,UNRESOLVED,,,,UNRESOLVED,,,,UNRESOLVED,,
IND_1967,India,0,Ethnic War,1967,1971,SCIP-2006-vintage consolidated page,reconstructed-v1,provisional-vintage-date,Identity reconstructed from the Williams-era SCIP consolidated-event frame; dates remain source-vintage values pending exact 2010 snapshot recovery.,,UNRESOLVED,,,,UNRESOLVED,,,,UNRESOLVED,,,,UNRESOLVED,,,,UNRESOLVED,,,,UNRESOLVED,,,,UNRESOLVED,,,,UNRESOLVED,,,,UNRESOLVED,,,,UNRESOLVED,,,,UNRESOLVED,,,,UNRESOLVED,,
IND_1983,India,0,Complex,1983,,SCIP-2006-vintage consolidated page,reconstructed-v1,provisional-vintage-date,Identity reconstructed from the Williams-era SCIP consolidated-event frame; dates remain source-vintage values pending exact 2010 snapshot recovery.,,UNRESOLVED,,,,UNRESOLVED,,,,UNRESOLVED,,,,UNRESOLVED,,,,UNRESOLVED,,,,UNRESOLVED,,,,UNRESOLVED,,,,UNRESOLVED,,,,UNRESOLVED,,,,UNRESOLVED,,,,UNRESOLVED,,,,UNRESOLVED,,
ISR_1987,Israel,0,Ethnic War,1987,,SCIP-2006-vintage consolidated page,reconstructed-v1,provisional-vintage-date,Identity reconstructed from the Williams-era SCIP consolidated-event frame; dates remain source-vintage values pending exact 2010 snapshot recovery.,,UNRESOLVED,,,,UNRESOLVED,,,,UNRESOLVED,,,,UNRESOLVED,,,,UNRESOLVED,,,,UNRESOLVED,,,,UNRESOLVED,,,,UNRESOLVED,,,,UNRESOLVED,,,,UNRESOLVED,,,,UNRESOLVED,,,,UNRESOLVED,,
JOR_1957,Jordan,0,Regime Change,1957,1957,SCIP-2006-vintage consolidated page,reconstructed-v1,cross-version-date-drift,Case identity is stable; exact begin date differs in later PITF versions and must be resolved before condition coding.,,UNRESOLVED,,,,UNRESOLVED,,,,UNRESOLVED,,,,UNRESOLVED,,,,UNRESOLVED,,,,UNRESOLVED,,,,UNRESOLVED,,,,UNRESOLVED,,,,UNRESOLVED,,,,UNRESOLVED,,,,UNRESOLVED,,,,UNRESOLVED,,
JOR_1970,Jordan,0,Revolutionary War,1970,1971,SCIP-2006-vintage consolidated page,reconstructed-v1,provisional-vintage-date,Identity reconstructed from the Williams-era SCIP consolidated-event frame; dates remain source-vintage values pending exact 2010 snapshot recovery.,,UNRESOLVED,,,,UNRESOLVED,,,,UNRESOLVED,,,,UNRESOLVED,,,,UNRESOLVED,,,,UNRESOLVED,,,,UNRESOLVED,,,,UNRESOLVED,,,,UNRESOLVED,,,,UNRESOLVED,,,,UNRESOLVED,,,,UNRESOLVED,,
KEN_1964,Kenya,0,Complex,1964,1969,SCIP-2006-vintage consolidated page,reconstructed-v1,provisional-vintage-date,Identity reconstructed from the Williams-era SCIP consolidated-event frame; dates remain source-vintage values pending exact 2010 snapshot recovery.,,UNRESOLVED,,,,UNRESOLVED,,,,UNRESOLVED,,,,UNRESOLVED,,,,UNRESOLVED,,,,UNRESOLVED,,,,UNRESOLVED,,,,UNRESOLVED,,,,UNRESOLVED,,,,UNRESOLVED,,,,UNRESOLVED,,,,UNRESOLVED,,
KEN_1991,Kenya,0,Ethnic War,1991,1993,SCIP-2006-vintage consolidated page,reconstructed-v1,provisional-vintage-date,Identity reconstructed from the Williams-era SCIP consolidated-event frame; dates remain source-vintage values pending exact 2010 snapshot recovery.,,UNRESOLVED,,,,UNRESOLVED,,,,UNRESOLVED,,,,UNRESOLVED,,,,UNRESOLVED,,,,UNRESOLVED,,,,UNRESOLVED,,,,UNRESOLVED,,,,UNRESOLVED,,,,UNRESOLVED,,,,UNRESOLVED,,,,UNRESOLVED,,
KOR_1961,"Korea, South",0,Regime Change,1961,1961,SCIP-2006-vintage consolidated page,reconstructed-v1,provisional-vintage-date,Identity reconstructed from the Williams-era SCIP consolidated-event frame; dates remain source-vintage values pending exact 2010 snapshot recovery.,,UNRESOLVED,,,,UNRESOLVED,,,,UNRESOLVED,,,,UNRESOLVED,,,,UNRESOLVED,,,,UNRESOLVED,,,,UNRESOLVED,,,,UNRESOLVED,,,,UNRESOLVED,,,,UNRESOLVED,,,,UNRESOLVED,,,,UNRESOLVED,,
KOR_1972,"Korea, South",0,Regime Change,1972,1972,SCIP-2006-vintage consolidated page,reconstructed-v1,provisional-vintage-date,Identity reconstructed from the Williams-era SCIP consolidated-event frame; dates remain source-vintage values pending exact 2010 snapshot recovery.,,UNRESOLVED,,,,UNRESOLVED,,,,UNRESOLVED,,,,UNRESOLVED,,,,UNRESOLVED,,,,UNRESOLVED,,,,UNRESOLVED,,,,UNRESOLVED,,,,UNRESOLVED,,,,UNRESOLVED,,,,UNRESOLVED,,,,UNRESOLVED,,
LAO_1960,Laos,0,Complex,1960,1979,SCIP-2006-vintage consolidated page,reconstructed-v1,provisional-vintage-date,Identity reconstructed from the Williams-era SCIP consolidated-event frame; dates remain source-vintage values pending exact 2010 snapshot recovery.,,UNRESOLVED,,,,UNRESOLVED,,,,UNRESOLVED,,,,UNRESOLVED,,,,UNRESOLVED,,,,UNRESOLVED,,,,UNRESOLVED,,,,UNRESOLVED,,,,UNRESOLVED,,,,UNRESOLVED,,,,UNRESOLVED,,,,UNRESOLVED,,
LBN_1958,Lebanon,0,Revolutionary War,1958,1958,SCIP-2006-vintage consolidated page,reconstructed-v1,provisional-vintage-date,Identity reconstructed from the Williams-era SCIP consolidated-event frame; dates remain source-vintage values pending exact 2010 snapshot recovery.,,UNRESOLVED,,,,UNRESOLVED,,,,UNRESOLVED,,,,UNRESOLVED,,,,UNRESOLVED,,,,UNRESOLVED,,,,UNRESOLVED,,,,UNRESOLVED,,,,UNRESOLVED,,,,UNRESOLVED,,,,UNRESOLVED,,,,UNRESOLVED,,
LBN_1975,Lebanon,0,Complex,1975,1991,SCIP-2006-vintage consolidated page,reconstructed-v1,provisional-vintage-date,Identity reconstructed from the Williams-era SCIP consolidated-event frame; dates remain source-vintage values pending exact 2010 snapshot recovery.,,UNRESOLVED,,,,UNRESOLVED,,,,UNRESOLVED,,,,UNRESOLVED,,,,UNRESOLVED,,,,UNRESOLVED,,,,UNRESOLVED,,,,UNRESOLVED,,,,UNRESOLVED,,,,UNRESOLVED,,,,UNRESOLVED,,,,UNRESOLVED,,
LSO_1970,Lesotho,0,Regime Change,1970,1970,SCIP-2006-vintage consolidated page,reconstructed-v1,provisional-vintage-date,Identity reconstructed from the Williams-era SCIP consolidated-event frame; dates remain source-vintage values pending exact 2010 snapshot recovery.,,UNRESOLVED,,,,UNRESOLVED,,,,UNRESOLVED,,,,UNRESOLVED,,,,UNRESOLVED,,,,UNRESOLVED,,,,UNRESOLVED,,,,UNRESOLVED,,,,UNRESOLVED,,,,UNRESOLVED,,,,UNRESOLVED,,,,UNRESOLVED,,
LSO_1998,Lesotho,0,Complex,1998,1999,SCIP-2006-vintage consolidated page,reconstructed-v1,provisional-vintage-date,Identity reconstructed from the Williams-era SCIP consolidated-event frame; dates remain source-vintage values pending exact 2010 snapshot recovery.,,UNRESOLVED,,,,UNRESOLVED,,,,UNRESOLVED,,,,UNRESOLVED,,,,UNRESOLVED,,,,UNRESOLVED,,,,UNRESOLVED,,,,UNRESOLVED,,,,UNRESOLVED,,,,UNRESOLVED,,,,UNRESOLVED,,,,UNRESOLVED,,
LBR_1985,Liberia,0,Complex,1985,2003,SCIP-2006-vintage consolidated page,reconstructed-v1,provisional-vintage-date,Identity reconstructed from the Williams-era SCIP consolidated-event frame; dates remain source-vintage values pending exact 2010 snapshot recovery.,,UNRESOLVED,,,,UNRESOLVED,,,,UNRESOLVED,,,,UNRESOLVED,,,,UNRESOLVED,,,,UNRESOLVED,,,,UNRESOLVED,,,,UNRESOLVED,,,,UNRESOLVED,,,,UNRESOLVED,,,,UNRESOLVED,,,,UNRESOLVED,,
MYS_1969,Malaysia,0,Regime Change,1969,1969,SCIP-2006-vintage consolidated page,reconstructed-v1,provisional-vintage-date,Identity reconstructed from the Williams-era SCIP consolidated-event frame; dates remain source-vintage values pending exact 2010 snapshot recovery.,,UNRESOLVED,,,,UNRESOLVED,,,,UNRESOLVED,,,,UNRESOLVED,,,,UNRESOLVED,,,,UNRESOLVED,,,,UNRESOLVED,,,,UNRESOLVED,,,,UNRESOLVED,,,,UNRESOLVED,,,,UNRESOLVED,,,,UNRESOLVED,,
MLI_1990,Mali,0,Ethnic War,1990,1995,SCIP-2006-vintage consolidated page,reconstructed-v1,provisional-vintage-date,Identity reconstructed from the Williams-era SCIP consolidated-event frame; dates remain source-vintage values pending exact 2010 snapshot recovery.,,UNRESOLVED,,,,UNRESOLVED,,,,UNRESOLVED,,,,UNRESOLVED,,,,UNRESOLVED,,,,UNRESOLVED,,,,UNRESOLVED,,,,UNRESOLVED,,,,UNRESOLVED,,,,UNRESOLVED,,,,UNRESOLVED,,,,UNRESOLVED,,
MDA_1992,Moldova,0,Ethnic War,1992,1992,SCIP-2006-vintage consolidated page,reconstructed-v1,provisional-vintage-date,Identity reconstructed from the Williams-era SCIP consolidated-event frame; dates remain source-vintage values pending exact 2010 snapshot recovery.,,UNRESOLVED,,,,UNRESOLVED,,,,UNRESOLVED,,,,UNRESOLVED,,,,UNRESOLVED,,,,UNRESOLVED,,,,UNRESOLVED,,,,UNRESOLVED,,,,UNRESOLVED,,,,UNRESOLVED,,,,UNRESOLVED,,,,UNRESOLVED,,
MAR_1965,Morocco,0,Regime Change,1965,1965,SCIP-2006-vintage consolidated page,reconstructed-v1,provisional-vintage-date,Identity reconstructed from the Williams-era SCIP consolidated-event frame; dates remain source-vintage values pending exact 2010 snapshot recovery.,,UNRESOLVED,,,,UNRESOLVED,,,,UNRESOLVED,,,,UNRESOLVED,,,,UNRESOLVED,,,,UNRESOLVED,,,,UNRESOLVED,,,,UNRESOLVED,,,,UNRESOLVED,,,,UNRESOLVED,,,,UNRESOLVED,,,,UNRESOLVED,,
MAR_1975,Morocco,0,Ethnic War,1975,1989,SCIP-2006-vintage consolidated page,reconstructed-v1,provisional-vintage-date,Identity reconstructed from the Williams-era SCIP consolidated-event frame; dates remain source-vintage values pending exact 2010 snapshot recovery.,,UNRESOLVED,,,,UNRESOLVED,,,,UNRESOLVED,,,,UNRESOLVED,,,,UNRESOLVED,,,,UNRESOLVED,,,,UNRESOLVED,,,,UNRESOLVED,,,,UNRESOLVED,,,,UNRESOLVED,,,,UNRESOLVED,,,,UNRESOLVED,,
MOZ_1976,Mozambique,0,Revolutionary War,1976,1992,SCIP-2006-vintage consolidated page,reconstructed-v1,provisional-vintage-date,Identity reconstructed from the Williams-era SCIP consolidated-event frame; dates remain source-vintage values pending exact 2010 snapshot recovery.,,UNRESOLVED,,,,UNRESOLVED,,,,UNRESOLVED,,,,UNRESOLVED,,,,UNRESOLVED,,,,UNRESOLVED,,,,UNRESOLVED,,,,UNRESOLVED,,,,UNRESOLVED,,,,UNRESOLVED,,,,UNRESOLVED,,,,UNRESOLVED,,
NPL_1960,Nepal,0,Regime Change,1960,1960,SCIP-2006-vintage consolidated page,reconstructed-v1,provisional-vintage-date,Identity reconstructed from the Williams-era SCIP consolidated-event frame; dates remain source-vintage values pending exact 2010 snapshot recovery.,,UNRESOLVED,,,,UNRESOLVED,,,,UNRESOLVED,,,,UNRESOLVED,,,,UNRESOLVED,,,,UNRESOLVED,,,,UNRESOLVED,,,,UNRESOLVED,,,,UNRESOLVED,,,,UNRESOLVED,,,,UNRESOLVED,,,,UNRESOLVED,,
NPL_1996,Nepal,0,Revolutionary War,1996,2006,SCIP-2006-vintage consolidated page,reconstructed-v1,provisional-vintage-date,Identity reconstructed from the Williams-era SCIP consolidated-event frame; dates remain source-vintage values pending exact 2010 snapshot recovery.,,UNRESOLVED,,,,UNRESOLVED,,,,UNRESOLVED,,,,UNRESOLVED,,,,UNRESOLVED,,,,UNRESOLVED,,,,UNRESOLVED,,,,UNRESOLVED,,,,UNRESOLVED,,,,UNRESOLVED,,,,UNRESOLVED,,,,UNRESOLVED,,
NIC_1978,Nicaragua,0,Complex,1978,1988,SCIP-2006-vintage consolidated page,reconstructed-v1,cross-version-date-drift,Case identity is stable; exact begin date differs in later PITF versions and must be resolved before condition coding.,,UNRESOLVED,,,,UNRESOLVED,,,,UNRESOLVED,,,,UNRESOLVED,,,,UNRESOLVED,,,,UNRESOLVED,,,,UNRESOLVED,,,,UNRESOLVED,,,,UNRESOLVED,,,,UNRESOLVED,,,,UNRESOLVED,,,,UNRESOLVED,,
NER_1996,Niger,0,Regime Change,1996,1996,SCIP-2006-vintage consolidated page,reconstructed-v1,provisional-vintage-date,Identity reconstructed from the Williams-era SCIP consolidated-event frame; dates remain source-vintage values pending exact 2010 snapshot recovery.,,UNRESOLVED,,,,UNRESOLVED,,,,UNRESOLVED,,,,UNRESOLVED,,,,UNRESOLVED,,,,UNRESOLVED,,,,UNRESOLVED,,,,UNRESOLVED,,,,UNRESOLVED,,,,UNRESOLVED,,,,UNRESOLVED,,,,UNRESOLVED,,
NGA_1980,Nigeria,0,Complex,1980,1985,SCIP-2006-vintage consolidated page,reconstructed-v1,provisional-vintage-date,Identity reconstructed from the Williams-era SCIP consolidated-event frame; dates remain source-vintage values pending exact 2010 snapshot recovery.,,UNRESOLVED,,,,UNRESOLVED,,,,UNRESOLVED,,,,UNRESOLVED,,,,UNRESOLVED,,,,UNRESOLVED,,,,UNRESOLVED,,,,UNRESOLVED,,,,UNRESOLVED,,,,UNRESOLVED,,,,UNRESOLVED,,,,UNRESOLVED,,
OMN_1970,Oman,0,Revolutionary War,1970,1976,SCIP-2006-vintage consolidated page,reconstructed-v1,provisional-vintage-date,Identity reconstructed from the Williams-era SCIP consolidated-event frame; dates remain source-vintage values pending exact 2010 snapshot recovery.,,UNRESOLVED,,,,UNRESOLVED,,,,UNRESOLVED,,,,UNRESOLVED,,,,UNRESOLVED,,,,UNRESOLVED,,,,UNRESOLVED,,,,UNRESOLVED,,,,UNRESOLVED,,,,UNRESOLVED,,,,UNRESOLVED,,,,UNRESOLVED,,
PAK_1958,Pakistan,0,Regime Change,1958,1958,SCIP-2006-vintage consolidated page,reconstructed-v1,provisional-vintage-date,Identity reconstructed from the Williams-era SCIP consolidated-event frame; dates remain source-vintage values pending exact 2010 snapshot recovery.,,UNRESOLVED,,,,UNRESOLVED,,,,UNRESOLVED,,,,UNRESOLVED,,,,UNRESOLVED,,,,UNRESOLVED,,,,UNRESOLVED,,,,UNRESOLVED,,,,UNRESOLVED,,,,UNRESOLVED,,,,UNRESOLVED,,,,UNRESOLVED,,
PAK_1983,Pakistan,0,Complex,1983,,SCIP-2006-vintage consolidated page,reconstructed-v1,provisional-vintage-date,Identity reconstructed from the Williams-era SCIP consolidated-event frame; dates remain source-vintage values pending exact 2010 snapshot recovery.,,UNRESOLVED,,,,UNRESOLVED,,,,UNRESOLVED,,,,UNRESOLVED,,,,UNRESOLVED,,,,UNRESOLVED,,,,UNRESOLVED,,,,UNRESOLVED,,,,UNRESOLVED,,,,UNRESOLVED,,,,UNRESOLVED,,,,UNRESOLVED,,
PAN_1968,Panama,0,Regime Change,1968,1968,SCIP-2006-vintage consolidated page,reconstructed-v1,provisional-vintage-date,Identity reconstructed from the Williams-era SCIP consolidated-event frame; dates remain source-vintage values pending exact 2010 snapshot recovery.,,UNRESOLVED,,,,UNRESOLVED,,,,UNRESOLVED,,,,UNRESOLVED,,,,UNRESOLVED,,,,UNRESOLVED,,,,UNRESOLVED,,,,UNRESOLVED,,,,UNRESOLVED,,,,UNRESOLVED,,,,UNRESOLVED,,,,UNRESOLVED,,
PNG_1989,Papua New Guinea,0,Ethnic War,1989,1997,SCIP-2006-vintage consolidated page,reconstructed-v1,provisional-vintage-date,Identity reconstructed from the Williams-era SCIP consolidated-event frame; dates remain source-vintage values pending exact 2010 snapshot recovery.,,UNRESOLVED,,,,UNRESOLVED,,,,UNRESOLVED,,,,UNRESOLVED,,,,UNRESOLVED,,,,UNRESOLVED,,,,UNRESOLVED,,,,UNRESOLVED,,,,UNRESOLVED,,,,UNRESOLVED,,,,UNRESOLVED,,,,UNRESOLVED,,
PER_1962,Peru,0,Regime Change,1962,1962,SCIP-2006-vintage consolidated page,reconstructed-v1,cross-version-date-drift,Case identity is stable; exact begin date differs in later PITF versions and must be resolved before condition coding.,,UNRESOLVED,,,,UNRESOLVED,,,,UNRESOLVED,,,,UNRESOLVED,,,,UNRESOLVED,,,,UNRESOLVED,,,,UNRESOLVED,,,,UNRESOLVED,,,,UNRESOLVED,,,,UNRESOLVED,,,,UNRESOLVED,,,,UNRESOLVED,,
PER_1968,Peru,0,Regime Change,1968,1968,SCIP-2006-vintage consolidated page,reconstructed-v1,provisional-vintage-date,Identity reconstructed from the Williams-era SCIP consolidated-event frame; dates remain source-vintage values pending exact 2010 snapshot recovery.,,UNRESOLVED,,,,UNRESOLVED,,,,UNRESOLVED,,,,UNRESOLVED,,,,UNRESOLVED,,,,UNRESOLVED,,,,UNRESOLVED,,,,UNRESOLVED,,,,UNRESOLVED,,,,UNRESOLVED,,,,UNRESOLVED,,,,UNRESOLVED,,
PER_1982,Peru,0,Complex,1982,1997,SCIP-2006-vintage consolidated page,reconstructed-v1,provisional-vintage-date,Identity reconstructed from the Williams-era SCIP consolidated-event frame; dates remain source-vintage values pending exact 2010 snapshot recovery.,,UNRESOLVED,,,,UNRESOLVED,,,,UNRESOLVED,,,,UNRESOLVED,,,,UNRESOLVED,,,,UNRESOLVED,,,,UNRESOLVED,,,,UNRESOLVED,,,,UNRESOLVED,,,,UNRESOLVED,,,,UNRESOLVED,,,,UNRESOLVED,,
ROU_1989,Romania,0,Revolutionary War,1989,1989,SCIP-2006-vintage consolidated page,reconstructed-v1,provisional-vintage-date,Identity reconstructed from the Williams-era SCIP consolidated-event frame; dates remain source-vintage values pending exact 2010 snapshot recovery.,,UNRESOLVED,,,,UNRESOLVED,,,,UNRESOLVED,,,,UNRESOLVED,,,,UNRESOLVED,,,,UNRESOLVED,,,,UNRESOLVED,,,,UNRESOLVED,,,,UNRESOLVED,,,,UNRESOLVED,,,,UNRESOLVED,,,,UNRESOLVED,,
RUS_1994,Russia,0,Ethnic War,1994,2006,SCIP-2006-vintage consolidated page,reconstructed-v1,provisional-vintage-date,Identity reconstructed from the Williams-era SCIP consolidated-event frame; dates remain source-vintage values pending exact 2010 snapshot recovery.,,UNRESOLVED,,,,UNRESOLVED,,,,UNRESOLVED,,,,UNRESOLVED,,,,UNRESOLVED,,,,UNRESOLVED,,,,UNRESOLVED,,,,UNRESOLVED,,,,UNRESOLVED,,,,UNRESOLVED,,,,UNRESOLVED,,,,UNRESOLVED,,
SEN_1962,Senegal,0,Regime Change,1962,1963,SCIP-2006-vintage consolidated page,reconstructed-v1,provisional-vintage-date,Identity reconstructed from the Williams-era SCIP consolidated-event frame; dates remain source-vintage values pending exact 2010 snapshot recovery.,,UNRESOLVED,,,,UNRESOLVED,,,,UNRESOLVED,,,,UNRESOLVED,,,,UNRESOLVED,,,,UNRESOLVED,,,,UNRESOLVED,,,,UNRESOLVED,,,,UNRESOLVED,,,,UNRESOLVED,,,,UNRESOLVED,,,,UNRESOLVED,,
SEN_1992,Senegal,0,Ethnic War,1992,1999,SCIP-2006-vintage consolidated page,reconstructed-v1,provisional-vintage-date,Identity reconstructed from the Williams-era SCIP consolidated-event frame; dates remain source-vintage values pending exact 2010 snapshot recovery.,,UNRESOLVED,,,,UNRESOLVED,,,,UNRESOLVED,,,,UNRESOLVED,,,,UNRESOLVED,,,,UNRESOLVED,,,,UNRESOLVED,,,,UNRESOLVED,,,,UNRESOLVED,,,,UNRESOLVED,,,,UNRESOLVED,,,,UNRESOLVED,,
SLE_1967,Sierra Leone,0,Complex,1967,1971,SCIP-2006-vintage consolidated page,reconstructed-v1,provisional-vintage-date,Identity reconstructed from the Williams-era SCIP consolidated-event frame; dates remain source-vintage values pending exact 2010 snapshot recovery.,,UNRESOLVED,,,,UNRESOLVED,,,,UNRESOLVED,,,,UNRESOLVED,,,,UNRESOLVED,,,,UNRESOLVED,,,,UNRESOLVED,,,,UNRESOLVED,,,,UNRESOLVED,,,,UNRESOLVED,,,,UNRESOLVED,,,,UNRESOLVED,,
SLE_1991,Sierra Leone,0,Complex,1991,2002,SCIP-2006-vintage consolidated page,reconstructed-v1,provisional-vintage-date,Identity reconstructed from the Williams-era SCIP consolidated-event frame; dates remain source-vintage values pending exact 2010 snapshot recovery.,,UNRESOLVED,,,,UNRESOLVED,,,,UNRESOLVED,,,,UNRESOLVED,,,,UNRESOLVED,,,,UNRESOLVED,,,,UNRESOLVED,,,,UNRESOLVED,,,,UNRESOLVED,,,,UNRESOLVED,,,,UNRESOLVED,,,,UNRESOLVED,,
SGP_1963,Singapore,0,Regime Change,1963,1965,SCIP-2006-vintage consolidated page,reconstructed-v1,provisional-vintage-date,Identity reconstructed from the Williams-era SCIP consolidated-event frame; dates remain source-vintage values pending exact 2010 snapshot recovery.,,UNRESOLVED,,,,UNRESOLVED,,,,UNRESOLVED,,,,UNRESOLVED,,,,UNRESOLVED,,,,UNRESOLVED,,,,UNRESOLVED,,,,UNRESOLVED,,,,UNRESOLVED,,,,UNRESOLVED,,,,UNRESOLVED,,,,UNRESOLVED,,
SOM_1969,Somalia,0,Regime Change,1969,1969,SCIP-2006-vintage consolidated page,reconstructed-v1,provisional-vintage-date,Identity reconstructed from the Williams-era SCIP consolidated-event frame; dates remain source-vintage values pending exact 2010 snapshot recovery.,,UNRESOLVED,,,,UNRESOLVED,,,,UNRESOLVED,,,,UNRESOLVED,,,,UNRESOLVED,,,,UNRESOLVED,,,,UNRESOLVED,,,,UNRESOLVED,,,,UNRESOLVED,,,,UNRESOLVED,,,,UNRESOLVED,,,,UNRESOLVED,,
ZAF_1984,South Africa,0,Complex,1984,1996,SCIP-2006-vintage consolidated page,reconstructed-v1,provisional-vintage-date,Identity reconstructed from the Williams-era SCIP consolidated-event frame; dates remain source-vintage values pending exact 2010 snapshot recovery.,,UNRESOLVED,,,,UNRESOLVED,,,,UNRESOLVED,,,,UNRESOLVED,,,,UNRESOLVED,,,,UNRESOLVED,,,,UNRESOLVED,,,,UNRESOLVED,,,,UNRESOLVED,,,,UNRESOLVED,,,,UNRESOLVED,,,,UNRESOLVED,,
SWZ_1973,Swaziland,0,Regime Change,1973,1973,SCIP-2006-vintage consolidated page,reconstructed-v1,provisional-vintage-date,Identity reconstructed from the Williams-era SCIP consolidated-event frame; dates remain source-vintage values pending exact 2010 snapshot recovery.,,UNRESOLVED,,,,UNRESOLVED,,,,UNRESOLVED,,,,UNRESOLVED,,,,UNRESOLVED,,,,UNRESOLVED,,,,UNRESOLVED,,,,UNRESOLVED,,,,UNRESOLVED,,,,UNRESOLVED,,,,UNRESOLVED,,,,UNRESOLVED,,
SYR_1961,Syria,0,Regime Change,1961,1966,SCIP-2006-vintage consolidated page,reconstructed-v1,provisional-vintage-date,Identity reconstructed from the Williams-era SCIP consolidated-event frame; dates remain source-vintage values pending exact 2010 snapshot recovery.,,UNRESOLVED,,,,UNRESOLVED,,,,UNRESOLVED,,,,UNRESOLVED,,,,UNRESOLVED,,,,UNRESOLVED,,,,UNRESOLVED,,,,UNRESOLVED,,,,UNRESOLVED,,,,UNRESOLVED,,,,UNRESOLVED,,,,UNRESOLVED,,
TJK_1992,Tajikistan,0,Revolutionary War,1992,1998,SCIP-2006-vintage consolidated page,reconstructed-v1,provisional-vintage-date,Identity reconstructed from the Williams-era SCIP consolidated-event frame; dates remain source-vintage values pending exact 2010 snapshot recovery.,,UNRESOLVED,,,,UNRESOLVED,,,,UNRESOLVED,,,,UNRESOLVED,,,,UNRESOLVED,,,,UNRESOLVED,,,,UNRESOLVED,,,,UNRESOLVED,,,,UNRESOLVED,,,,UNRESOLVED,,,,UNRESOLVED,,,,UNRESOLVED,,
THA_1965,Thailand,0,Complex,1965,1983,SCIP-2006-vintage consolidated page,reconstructed-v1,provisional-vintage-date,Identity reconstructed from the Williams-era SCIP consolidated-event frame; dates remain source-vintage values pending exact 2010 snapshot recovery.,,UNRESOLVED,,,,UNRESOLVED,,,,UNRESOLVED,,,,UNRESOLVED,,,,UNRESOLVED,,,,UNRESOLVED,,,,UNRESOLVED,,,,UNRESOLVED,,,,UNRESOLVED,,,,UNRESOLVED,,,,UNRESOLVED,,,,UNRESOLVED,,
TUR_1971,Turkey,0,Regime Change,1971,1971,SCIP-2006-vintage consolidated page,reconstructed-v1,provisional-vintage-date,Identity reconstructed from the Williams-era SCIP consolidated-event frame; dates remain source-vintage values pending exact 2010 snapshot recovery.,,UNRESOLVED,,,,UNRESOLVED,,,,UNRESOLVED,,,,UNRESOLVED,,,,UNRESOLVED,,,,UNRESOLVED,,,,UNRESOLVED,,,,UNRESOLVED,,,,UNRESOLVED,,,,UNRESOLVED,,,,UNRESOLVED,,,,UNRESOLVED,,
TUR_1980,Turkey,0,Complex,1980,,SCIP-2006-vintage consolidated page,reconstructed-v1,provisional-vintage-date,Identity reconstructed from the Williams-era SCIP consolidated-event frame; dates remain source-vintage values pending exact 2010 snapshot recovery.,,UNRESOLVED,,,,UNRESOLVED,,,,UNRESOLVED,,,,UNRESOLVED,,,,UNRESOLVED,,,,UNRESOLVED,,,,UNRESOLVED,,,,UNRESOLVED,,,,UNRESOLVED,,,,UNRESOLVED,,,,UNRESOLVED,,,,UNRESOLVED,,
GBR_1971,United Kingdom,0,Ethnic War,1971,1982,SCIP-2006-vintage consolidated page,reconstructed-v1,provisional-vintage-date,Identity reconstructed from the Williams-era SCIP consolidated-event frame; dates remain source-vintage values pending exact 2010 snapshot recovery.,,UNRESOLVED,,,,UNRESOLVED,,,,UNRESOLVED,,,,UNRESOLVED,,,,UNRESOLVED,,,,UNRESOLVED,,,,UNRESOLVED,,,,UNRESOLVED,,,,UNRESOLVED,,,,UNRESOLVED,,,,UNRESOLVED,,,,UNRESOLVED,,
URY_1971,Uruguay,0,Regime Change,1971,1973,SCIP-2006-vintage consolidated page,reconstructed-v1,provisional-vintage-date,Identity reconstructed from the Williams-era SCIP consolidated-event frame; dates remain source-vintage values pending exact 2010 snapshot recovery.,,UNRESOLVED,,,,UNRESOLVED,,,,UNRESOLVED,,,,UNRESOLVED,,,,UNRESOLVED,,,,UNRESOLVED,,,,UNRESOLVED,,,,UNRESOLVED,,,,UNRESOLVED,,,,UNRESOLVED,,,,UNRESOLVED,,,,UNRESOLVED,,
SUN_1991,USSR (Soviet Union),0,Regime Change,1991,1991,SCIP-2006-vintage consolidated page,reconstructed-v1,provisional-vintage-date,Identity reconstructed from the Williams-era SCIP consolidated-event frame; dates remain source-vintage values pending exact 2010 snapshot recovery.,,UNRESOLVED,,,,UNRESOLVED,,,,UNRESOLVED,,,,UNRESOLVED,,,,UNRESOLVED,,,,UNRESOLVED,,,,UNRESOLVED,,,,UNRESOLVED,,,,UNRESOLVED,,,,UNRESOLVED,,,,UNRESOLVED,,,,UNRESOLVED,,
YMN_1962,"Yemen, North",0,Revolutionary War,1962,1970,SCIP-2006-vintage consolidated page,reconstructed-v1,provisional-vintage-date,Identity reconstructed from the Williams-era SCIP consolidated-event frame; dates remain source-vintage values pending exact 2010 snapshot recovery.,,UNRESOLVED,,,,UNRESOLVED,,,,UNRESOLVED,,,,UNRESOLVED,,,,UNRESOLVED,,,,UNRESOLVED,,,,UNRESOLVED,,,,UNRESOLVED,,,,UNRESOLVED,,,,UNRESOLVED,,,,UNRESOLVED,,,,UNRESOLVED,,
YMS_1986,"Yemen, South",0,Revolutionary War,1986,1986,SCIP-2006-vintage consolidated page,reconstructed-v1,provisional-vintage-date,Identity reconstructed from the Williams-era SCIP consolidated-event frame; dates remain source-vintage values pending exact 2010 snapshot recovery.,,UNRESOLVED,,,,UNRESOLVED,,,,UNRESOLVED,,,,UNRESOLVED,,,,UNRESOLVED,,,,UNRESOLVED,,,,UNRESOLVED,,,,UNRESOLVED,,,,UNRESOLVED,,,,UNRESOLVED,,,,UNRESOLVED,,,,UNRESOLVED,,
YEM_1994,Yemen,0,Revolutionary War,1994,1994,SCIP-2006-vintage consolidated page,reconstructed-v1,provisional-vintage-date,Identity reconstructed from the Williams-era SCIP consolidated-event frame; dates remain source-vintage values pending exact 2010 snapshot recovery.,,UNRESOLVED,,,,UNRESOLVED,,,,UNRESOLVED,,,,UNRESOLVED,,,,UNRESOLVED,,,,UNRESOLVED,,,,UNRESOLVED,,,,UNRESOLVED,,,,UNRESOLVED,,,,UNRESOLVED,,,,UNRESOLVED,,,,UNRESOLVED,,
YUG_1991,Yugoslavia,0,Complex,1991,1992,SCIP-2006-vintage consolidated page,reconstructed-v1,provisional-vintage-date,Identity reconstructed from the Williams-era SCIP consolidated-event frame; dates remain source-vintage values pending exact 2010 snapshot recovery.,,UNRESOLVED,,,,UNRESOLVED,,,,UNRESOLVED,,,,UNRESOLVED,,,,UNRESOLVED,,,,UNRESOLVED,,,,UNRESOLVED,,,,UNRESOLVED,,,,UNRESOLVED,,,,UNRESOLVED,,,,UNRESOLVED,,,,UNRESOLVED,,
ZMB_1964,Zambia,0,Complex,1964,1972,SCIP-2006-vintage consolidated page,reconstructed-v1,provisional-vintage-date,Identity reconstructed from the Williams-era SCIP consolidated-event frame; dates remain source-vintage values pending exact 2010 snapshot recovery.,,UNRESOLVED,,,,UNRESOLVED,,,,UNRESOLVED,,,,UNRESOLVED,,,,UNRESOLVED,,,,UNRESOLVED,,,,UNRESOLVED,,,,UNRESOLVED,,,,UNRESOLVED,,,,UNRESOLVED,,,,UNRESOLVED,,,,UNRESOLVED,,
ZMB_1996,Zambia,0,Regime Change,1996,1996,SCIP-2006-vintage consolidated page,reconstructed-v1,provisional-vintage-date,Identity reconstructed from the Williams-era SCIP consolidated-event frame; dates remain source-vintage values pending exact 2010 snapshot recovery.,,UNRESOLVED,,,,UNRESOLVED,,,,UNRESOLVED,,,,UNRESOLVED,,,,UNRESOLVED,,,,UNRESOLVED,,,,UNRESOLVED,,,,UNRESOLVED,,,,UNRESOLVED,,,,UNRESOLVED,,,,UNRESOLVED,,,,UNRESOLVED,,
ZWE_1972,Zimbabwe,0,Complex,1972,1987,SCIP-2006-vintage consolidated page,reconstructed-v1,provisional-vintage-date,Identity reconstructed from the Williams-era SCIP consolidated-event frame; dates remain source-vintage values pending exact 2010 snapshot recovery.,,UNRESOLVED,,,,UNRESOLVED,,,,UNRESOLVED,,,,UNRESOLVED,,,,UNRESOLVED,,,,UNRESOLVED,,,,UNRESOLVED,,,,UNRESOLVED,,,,UNRESOLVED,,,,UNRESOLVED,,,,UNRESOLVED,,,,UNRESOLVED,,
