case_id,name,official_class,composition_state,composition_value,composition_source_key,atmosphere_state,atmosphere_value,atmosphere_source_key,differentiation_state,differentiation_value,differentiation_source_key,geologic_activity_state,geologic_activity_value,geologic_activity_source_key,ocean_state,ocean_value,ocean_source_key,tidal_heating_state,tidal_heating_value,tidal_heating_source_key,coding_batch,coding_notes,review_status
P01,Mercury,planet,STRONGLY_CONSTRAINED,ROCK_METAL,NASA_MERCURY_FACTS,DIRECT_MEASURED,EXOSPHERE_TRACE,NASA_MERCURY_FACTS,STRONGLY_CONSTRAINED,DIFFERENTIATED,NASA_MERCURY_FACTS,PENDING_REVIEW,,,PENDING_REVIEW,,,NA_NOT_APPLICABLE,,PROTOCOL_DIRECT_SUN_DEFAULT,ANCHOR_01_2026-09-24,High-confidence anchor coding only; unresolved geologic/ocean dimensions remain PENDING_REVIEW.,UNEXPOSED_TO_QCA_RESULT
P02,Venus,planet,STRONGLY_CONSTRAINED,ROCK_METAL,NASA_VENUS_FACTS,DIRECT_MEASURED,SUBSTANTIAL,NASA_VENUS_FACTS,STRONGLY_CONSTRAINED,DIFFERENTIATED,NASA_VENUS_FACTS,PENDING_REVIEW,,,PENDING_REVIEW,,,NA_NOT_APPLICABLE,,PROTOCOL_DIRECT_SUN_DEFAULT,ANCHOR_01_2026-09-24,High-confidence anchor coding only; unresolved geologic/ocean dimensions remain PENDING_REVIEW.,UNEXPOSED_TO_QCA_RESULT
P03,Earth,planet,STRONGLY_CONSTRAINED,ROCK_METAL,NASA_EARTH_FACTS,DIRECT_MEASURED,SUBSTANTIAL,NASA_EARTH_FACTS,STRONGLY_CONSTRAINED,DIFFERENTIATED,NASA_EARTH_FACTS,PENDING_REVIEW,,,PENDING_REVIEW,,,NA_NOT_APPLICABLE,,PROTOCOL_DIRECT_SUN_DEFAULT,ANCHOR_01_2026-09-24,High-confidence anchor coding only; unresolved geologic/ocean dimensions remain PENDING_REVIEW.,UNEXPOSED_TO_QCA_RESULT
P04,Mars,planet,STRONGLY_CONSTRAINED,ROCK_METAL,NASA_MARS_FACTS,DIRECT_MEASURED,COLLISIONAL_THIN,NASA_MARS_FACTS,STRONGLY_CONSTRAINED,DIFFERENTIATED,NASA_MARS_FACTS,STRONGLY_CONSTRAINED,PAST_ONLY,NASA_MARS_FACTS,PENDING_REVIEW,,,NA_NOT_APPLICABLE,,PROTOCOL_DIRECT_SUN_DEFAULT,ANCHOR_01_2026-09-24,High-confidence anchor coding only; unresolved geologic/ocean dimensions remain PENDING_REVIEW.,UNEXPOSED_TO_QCA_RESULT
P05,Jupiter,planet,STRONGLY_CONSTRAINED,H_HE_ENVELOPE,NASA_JUPITER_FACTS,DIRECT_MEASURED,DEEP_ENVELOPE,NASA_JUPITER_FACTS,MODEL_INFERRED,PARTIAL_OR_UNCERTAIN,NASA_JUPITER_FACTS,PENDING_REVIEW,,,PENDING_REVIEW,,,NA_NOT_APPLICABLE,,PROTOCOL_DIRECT_SUN_DEFAULT,ANCHOR_01_2026-09-24,High-confidence anchor coding only; unresolved geologic/ocean dimensions remain PENDING_REVIEW.,UNEXPOSED_TO_QCA_RESULT
P06,Saturn,planet,STRONGLY_CONSTRAINED,H_HE_ENVELOPE,NASA_SATURN_FACTS,DIRECT_MEASURED,DEEP_ENVELOPE,NASA_SATURN_FACTS,MODEL_INFERRED,DIFFERENTIATED,NASA_SATURN_FACTS,PENDING_REVIEW,,,PENDING_REVIEW,,,NA_NOT_APPLICABLE,,PROTOCOL_DIRECT_SUN_DEFAULT,ANCHOR_01_2026-09-24,High-confidence anchor coding only; unresolved geologic/ocean dimensions remain PENDING_REVIEW.,UNEXPOSED_TO_QCA_RESULT
P07,Uranus,planet,STRONGLY_CONSTRAINED,ICE_VOLATILE_RICH,NASA_URANUS_FACTS,DIRECT_MEASURED,DEEP_ENVELOPE,NASA_URANUS_FACTS,MODEL_INFERRED,DIFFERENTIATED,NASA_URANUS_FACTS,PENDING_REVIEW,,,PENDING_REVIEW,,,NA_NOT_APPLICABLE,,PROTOCOL_DIRECT_SUN_DEFAULT,ANCHOR_01_2026-09-24,High-confidence anchor coding only; unresolved geologic/ocean dimensions remain PENDING_REVIEW.,UNEXPOSED_TO_QCA_RESULT
P08,Neptune,planet,STRONGLY_CONSTRAINED,ICE_VOLATILE_RICH,NASA_NEPTUNE_FACTS,DIRECT_MEASURED,DEEP_ENVELOPE,NASA_NEPTUNE_FACTS,MODEL_INFERRED,DIFFERENTIATED,NASA_NEPTUNE_FACTS,PENDING_REVIEW,,,PENDING_REVIEW,,,NA_NOT_APPLICABLE,,PROTOCOL_DIRECT_SUN_DEFAULT,ANCHOR_01_2026-09-24,High-confidence anchor coding only; unresolved geologic/ocean dimensions remain PENDING_REVIEW.,UNEXPOSED_TO_QCA_RESULT
D01,Ceres,dwarf_planet,STRONGLY_CONSTRAINED,ROCK_ICE_MIXED,NASA_CERES_FACTS,STRONGLY_CONSTRAINED,EXOSPHERE_TRACE,NASA_CERES_FACTS,MODEL_INFERRED,PARTIAL_OR_UNCERTAIN,NASA_CERES_FACTS,PENDING_REVIEW,,,PENDING_REVIEW,,,NA_NOT_APPLICABLE,,PROTOCOL_DIRECT_SUN_DEFAULT,ANCHOR_01_2026-09-24,High-confidence anchor coding only; unresolved geologic/ocean dimensions remain PENDING_REVIEW.,UNEXPOSED_TO_QCA_RESULT
D02,Pluto,dwarf_planet,STRONGLY_CONSTRAINED,ROCK_ICE_MIXED,NASA_PLUTO_FACTS,DIRECT_MEASURED,COLLISIONAL_THIN,NASA_PLUTO_FACTS,MODEL_INFERRED,DIFFERENTIATED,NASA_PLUTO_FACTS,STRONGLY_CONSTRAINED,CURRENT_OR_RECENT,NASA_OCEAN_WORLDS,MODEL_INFERRED,CANDIDATE,NASA_OCEAN_WORLDS,NA_NOT_APPLICABLE,,PROTOCOL_DIRECT_SUN_DEFAULT,ANCHOR_01_2026-09-24,High-confidence anchor coding only; unresolved geologic/ocean dimensions remain PENDING_REVIEW. Batch-03 conservative coding from NASA/JPL or peer-reviewed source.,UNEXPOSED_TO_QCA_RESULT
D03,Haumea,dwarf_planet,STRONGLY_CONSTRAINED,ROCK_ICE_MIXED,NASA_HAUMEA_FACTS,NA_NOT_MEASURED,,NASA_HAUMEA_FACTS,NA_NOT_MEASURED,,NASA_HAUMEA_FACTS,NA_NOT_MEASURED,,NASA_HAUMEA_FACTS,PENDING_REVIEW,,,NA_NOT_APPLICABLE,,PROTOCOL_DIRECT_SUN_DEFAULT,MID_MOON_DWARF_03_2026-09-24,Missingness states are scientific outcomes here: NASA explicitly reports major structural/atmospheric unknowns.,UNEXPOSED_TO_QCA_RESULT
D04,Makemake,dwarf_planet,NA_NOT_MEASURED,,NASA_MAKEMAKE_FACTS,NA_UNCERTAIN,COLLISIONAL_THIN,NASA_MAKEMAKE_FACTS,NA_NOT_MEASURED,,NASA_MAKEMAKE_FACTS,NA_NOT_MEASURED,,NASA_MAKEMAKE_FACTS,PENDING_REVIEW,,,NA_NOT_APPLICABLE,,PROTOCOL_DIRECT_SUN_DEFAULT,MID_MOON_DWARF_03_2026-09-24,Missingness states are scientific outcomes here: NASA explicitly reports major structural/atmospheric unknowns.,UNEXPOSED_TO_QCA_RESULT
D05,Eris,dwarf_planet,NA_NOT_MEASURED,,NASA_ERIS_FACTS,MODEL_INFERRED,COLLISIONAL_THIN,NASA_ERIS_FACTS,NA_NOT_MEASURED,,NASA_ERIS_FACTS,NA_NOT_MEASURED,,NASA_ERIS_FACTS,PENDING_REVIEW,,,NA_NOT_APPLICABLE,,PROTOCOL_DIRECT_SUN_DEFAULT,MID_MOON_DWARF_03_2026-09-24,Missingness states are scientific outcomes here: NASA explicitly reports major structural/atmospheric unknowns.,UNEXPOSED_TO_QCA_RESULT
M01,Moon,satellite,STRONGLY_CONSTRAINED,ROCK_METAL,NASA_MOON_FACTS,DIRECT_MEASURED,EXOSPHERE_TRACE,NASA_MOON_FACTS,STRONGLY_CONSTRAINED,DIFFERENTIATED,NASA_MOON_FACTS,STRONGLY_CONSTRAINED,PAST_ONLY,NASA_MOON_FACTS,PENDING_REVIEW,,,PENDING_REVIEW,,,MOON_BOUNDARY_02_2026-09-24,Boundary/moon batch coded from NASA mission/facts sources under the frozen protocol.,UNEXPOSED_TO_QCA_RESULT
M02,Phobos,satellite,STRONGLY_CONSTRAINED,ROCK_ICE_MIXED,NASA_MARS_MOONS_FACTS,PENDING_REVIEW,,,PENDING_REVIEW,,,PENDING_REVIEW,,,PENDING_REVIEW,,,PENDING_REVIEW,,,MID_MOON_DWARF_03_2026-09-24,Batch-03 conservative coding from NASA/JPL or peer-reviewed source.,UNEXPOSED_TO_QCA_RESULT
M03,Deimos,satellite,STRONGLY_CONSTRAINED,ROCK_ICE_MIXED,NASA_MARS_MOONS_FACTS,PENDING_REVIEW,,,PENDING_REVIEW,,,PENDING_REVIEW,,,PENDING_REVIEW,,,PENDING_REVIEW,,,MID_MOON_DWARF_03_2026-09-24,Batch-03 conservative coding from NASA/JPL or peer-reviewed source.,UNEXPOSED_TO_QCA_RESULT
M04,Io,satellite,STRONGLY_CONSTRAINED,ROCK_METAL,NASA_IO_FACTS,DIRECT_MEASURED,COLLISIONAL_THIN,NASA_IO_FACTS,MODEL_INFERRED,DIFFERENTIATED,NASA_IO_FACTS,DIRECT_MEASURED,CURRENT_OR_RECENT,NASA_IO_FACTS,PENDING_REVIEW,,,STRONGLY_CONSTRAINED,DOMINANT,NASA_IO_FACTS,MOON_BOUNDARY_02_2026-09-24,Boundary/moon batch coded from NASA mission/facts sources under the frozen protocol.,UNEXPOSED_TO_QCA_RESULT
M05,Europa,satellite,STRONGLY_CONSTRAINED,ROCK_ICE_MIXED,NASA_EUROPA_FACTS,STRONGLY_CONSTRAINED,EXOSPHERE_TRACE,NASA_EUROPA_FACTS,MODEL_INFERRED,DIFFERENTIATED,NASA_EUROPA_FACTS,NA_UNCERTAIN,UNCERTAIN,NASA_EUROPA_FACTS,STRONGLY_CONSTRAINED,STRONG_EVIDENCE,NASA_EUROPA_FACTS,STRONGLY_CONSTRAINED,IMPORTANT,NASA_EUROPA_FACTS,MOON_BOUNDARY_02_2026-09-24,Boundary/moon batch coded from NASA mission/facts sources under the frozen protocol.,UNEXPOSED_TO_QCA_RESULT
M06,Ganymede,satellite,STRONGLY_CONSTRAINED,ROCK_ICE_MIXED,NASA_GANYMEDE_FACTS,STRONGLY_CONSTRAINED,EXOSPHERE_TRACE,NASA_GANYMEDE_FACTS,STRONGLY_CONSTRAINED,DIFFERENTIATED,NASA_GANYMEDE_FACTS,PENDING_REVIEW,,,STRONGLY_CONSTRAINED,STRONG_EVIDENCE,NASA_GANYMEDE_FACTS,PENDING_REVIEW,,,MOON_BOUNDARY_02_2026-09-24,Boundary/moon batch coded from NASA mission/facts sources under the frozen protocol.,UNEXPOSED_TO_QCA_RESULT
M07,Callisto,satellite,STRONGLY_CONSTRAINED,ROCK_ICE_MIXED,NASA_CALLISTO_FACTS,DIRECT_MEASURED,EXOSPHERE_TRACE,NASA_CALLISTO_FACTS,MODEL_INFERRED,PARTIAL_OR_UNCERTAIN,NASA_CALLISTO_FACTS,STRONGLY_CONSTRAINED,NONE_DETECTED,NASA_CALLISTO_FACTS,NA_UNCERTAIN,CANDIDATE,NASA_CALLISTO_FACTS,PENDING_REVIEW,,,MOON_BOUNDARY_02_2026-09-24,Boundary/moon batch coded from NASA mission/facts sources under the frozen protocol.,UNEXPOSED_TO_QCA_RESULT
M08,Mimas,satellite,STRONGLY_CONSTRAINED,ICE_VOLATILE_RICH,NASA_MIMAS_FACTS,PENDING_REVIEW,,,MODEL_INFERRED,PARTIAL_OR_UNCERTAIN,NATURE_MIMAS_OCEAN_2024,STRONGLY_CONSTRAINED,NONE_DETECTED,NASA_MIMAS_FACTS,STRONGLY_CONSTRAINED,STRONG_EVIDENCE,NATURE_MIMAS_OCEAN_2024,MODEL_INFERRED,POSSIBLE,NATURE_MIMAS_OCEAN_2024,MID_MOON_DWARF_03_2026-09-24,"Mimas ocean coding follows 2024 Nature orbital-dynamics evidence; older NASA frozen-solid framing is logged as historical supersession, not silently erased.",UNEXPOSED_TO_QCA_RESULT
M09,Enceladus,satellite,STRONGLY_CONSTRAINED,ROCK_ICE_MIXED,NASA_ENCELADUS_OVERVIEW,PENDING_REVIEW,,,STRONGLY_CONSTRAINED,DIFFERENTIATED,NASA_ENCELADUS_OVERVIEW,DIRECT_MEASURED,CURRENT_OR_RECENT,NASA_ENCELADUS_OVERVIEW,STRONGLY_CONSTRAINED,CONFIRMED_OR_NEAR_CONSENSUS,NASA_ENCELADUS_OVERVIEW,STRONGLY_CONSTRAINED,IMPORTANT,NASA_ENCELADUS_OVERVIEW,MOON_BOUNDARY_02_2026-09-24,Boundary/moon batch coded from NASA mission/facts sources under the frozen protocol. Atmosphere remains pending because plume/gas-envelope evidence is not automatically equated with a gravitationally bound atmosphere.,UNEXPOSED_TO_QCA_RESULT
M10,Tethys,satellite,STRONGLY_CONSTRAINED,ICE_VOLATILE_RICH,NASA_TETHYS_FACTS,EVIDENCE_OF_ABSENCE,NONE_OR_NEGLIGIBLE,NASA_TETHYS_FACTS,PENDING_REVIEW,,,STRONGLY_CONSTRAINED,PAST_ONLY,NASA_TETHYS_FACTS,PENDING_REVIEW,,,MODEL_INFERRED,POSSIBLE,NASA_TETHYS_FACTS,MID_MOON_DWARF_03_2026-09-24,Batch-03 conservative coding from NASA/JPL or peer-reviewed source.,UNEXPOSED_TO_QCA_RESULT
M11,Dione,satellite,STRONGLY_CONSTRAINED,ROCK_ICE_MIXED,NASA_DIONE_FACTS,DIRECT_MEASURED,EXOSPHERE_TRACE,NASA_SATURN_MOONS_FACTS,MODEL_INFERRED,DIFFERENTIATED,NASA_DIONE_FACTS,STRONGLY_CONSTRAINED,PAST_ONLY,NASA_DIONE_FACTS,MODEL_INFERRED,CANDIDATE,NASA_DIONE_PUTATIVE_OCEAN,PENDING_REVIEW,,,MID_MOON_DWARF_03_2026-09-24,Batch-03 conservative coding from NASA/JPL or peer-reviewed source.,UNEXPOSED_TO_QCA_RESULT
M12,Rhea,satellite,STRONGLY_CONSTRAINED,ROCK_ICE_MIXED,NASA_RHEA_FACTS,DIRECT_MEASURED,EXOSPHERE_TRACE,NASA_RHEA_FACTS,STRONGLY_CONSTRAINED,UNDIFFERENTIATED_OR_RUBBLE,NASA_RHEA_FACTS,STRONGLY_CONSTRAINED,PAST_ONLY,NASA_RHEA_FACTS,PENDING_REVIEW,,,STRONGLY_CONSTRAINED,NEGLIGIBLE,NASA_RHEA_FACTS,MID_MOON_DWARF_03_2026-09-24,Batch-03 conservative coding from NASA/JPL or peer-reviewed source.,UNEXPOSED_TO_QCA_RESULT
M13,Titan,satellite,MODEL_INFERRED,ROCK_ICE_MIXED,NASA_TITAN_FACTS,DIRECT_MEASURED,SUBSTANTIAL,NASA_TITAN_FACTS,MODEL_INFERRED,DIFFERENTIATED,NASA_TITAN_FACTS,STRONGLY_CONSTRAINED,CURRENT_OR_RECENT,NASA_TITAN_FACTS,STRONGLY_CONSTRAINED,STRONG_EVIDENCE,NASA_TITAN_FACTS,PENDING_REVIEW,,,MOON_BOUNDARY_02_2026-09-24,Boundary/moon batch coded from NASA mission/facts sources under the frozen protocol.,UNEXPOSED_TO_QCA_RESULT
M14,Iapetus,satellite,STRONGLY_CONSTRAINED,ROCK_ICE_MIXED,NASA_IAPETUS_FACTS,PENDING_REVIEW,,,PENDING_REVIEW,,,STRONGLY_CONSTRAINED,NONE_DETECTED,NASA_IAPETUS_FACTS,PENDING_REVIEW,,,STRONGLY_CONSTRAINED,NEGLIGIBLE,NASA_IAPETUS_FACTS,MID_MOON_DWARF_03_2026-09-24,Batch-03 conservative coding from NASA/JPL or peer-reviewed source.,UNEXPOSED_TO_QCA_RESULT
M15,Miranda,satellite,STRONGLY_CONSTRAINED,ROCK_ICE_MIXED,NASA_URANUS_MOONS_FACTS,PENDING_REVIEW,,,PENDING_REVIEW,,,STRONGLY_CONSTRAINED,PAST_ONLY,NASA_MIRANDA_FACTS,MODEL_INFERRED,NO_EVIDENCE,JPL_URANUS_MOON_OCEANS_2023,PENDING_REVIEW,,,MID_MOON_DWARF_03_2026-09-24,Batch-03 conservative coding from NASA/JPL or peer-reviewed source.,UNEXPOSED_TO_QCA_RESULT
M16,Ariel,satellite,STRONGLY_CONSTRAINED,ROCK_ICE_MIXED,NASA_URANUS_MOONS_FACTS,PENDING_REVIEW,,,PENDING_REVIEW,,,STRONGLY_CONSTRAINED,CURRENT_OR_RECENT,NASA_ARIEL_FACTS,MODEL_INFERRED,CANDIDATE,JPL_URANUS_MOON_OCEANS_2023,PENDING_REVIEW,,,MID_MOON_DWARF_03_2026-09-24,Batch-03 conservative coding from NASA/JPL or peer-reviewed source.,UNEXPOSED_TO_QCA_RESULT
M17,Umbriel,satellite,STRONGLY_CONSTRAINED,ROCK_ICE_MIXED,NASA_URANUS_MOONS_FACTS,PENDING_REVIEW,,,PENDING_REVIEW,,,STRONGLY_CONSTRAINED,NONE_DETECTED,NASA_UMBRIEL_FACTS,MODEL_INFERRED,CANDIDATE,JPL_URANUS_MOON_OCEANS_2023,PENDING_REVIEW,,,MID_MOON_DWARF_03_2026-09-24,Batch-03 conservative coding from NASA/JPL or peer-reviewed source.,UNEXPOSED_TO_QCA_RESULT
M18,Titania,satellite,STRONGLY_CONSTRAINED,ROCK_ICE_MIXED,NASA_URANUS_MOONS_FACTS,PENDING_REVIEW,,,PENDING_REVIEW,,,STRONGLY_CONSTRAINED,PAST_ONLY,NASA_TITANIA_FACTS,MODEL_INFERRED,CANDIDATE,JPL_URANUS_MOON_OCEANS_2023,PENDING_REVIEW,,,MID_MOON_DWARF_03_2026-09-24,Batch-03 conservative coding from NASA/JPL or peer-reviewed source.,UNEXPOSED_TO_QCA_RESULT
M19,Oberon,satellite,STRONGLY_CONSTRAINED,ROCK_ICE_MIXED,NASA_URANUS_MOONS_FACTS,PENDING_REVIEW,,,PENDING_REVIEW,,,STRONGLY_CONSTRAINED,NONE_DETECTED,NASA_URANUS_MOONS_FACTS,MODEL_INFERRED,CANDIDATE,JPL_URANUS_MOON_OCEANS_2023,PENDING_REVIEW,,,MID_MOON_DWARF_03_2026-09-24,Batch-03 conservative coding from NASA/JPL or peer-reviewed source.,UNEXPOSED_TO_QCA_RESULT
M20,Triton,satellite,STRONGLY_CONSTRAINED,ROCK_ICE_MIXED,NASA_TRITON_OVERVIEW,DIRECT_MEASURED,COLLISIONAL_THIN,NASA_TRITON_OVERVIEW,MODEL_INFERRED,DIFFERENTIATED,NASA_TRITON_OVERVIEW,DIRECT_MEASURED,CURRENT_OR_RECENT,NASA_TRITON_OVERVIEW,NA_UNCERTAIN,CANDIDATE,NASA_OCEAN_WORLDS,PENDING_REVIEW,,,MOON_BOUNDARY_02_2026-09-24,Boundary/moon batch coded from NASA mission/facts sources under the frozen protocol. Batch-03 conservative coding from NASA/JPL or peer-reviewed source.,UNEXPOSED_TO_QCA_RESULT
M21,Charon,satellite,MODEL_INFERRED,ROCK_ICE_MIXED,NASA_NTRS_PLUTO_CHARON_GEOLOGY,EVIDENCE_OF_ABSENCE,NONE_OR_NEGLIGIBLE,NASA_NH_PLUTO_CHARON_BLOG,PENDING_REVIEW,,,STRONGLY_CONSTRAINED,PAST_ONLY,NASA_NTRS_PLUTO_CHARON_GEOLOGY,PENDING_REVIEW,,,PENDING_REVIEW,,,MOON_BOUNDARY_02_2026-09-24,Boundary/moon batch coded from NASA mission/facts sources under the frozen protocol. Paleo-ocean evidence is recorded conceptually but does not populate current ocean_value.,UNEXPOSED_TO_QCA_RESULT
S01,Vesta,small_body,STRONGLY_CONSTRAINED,ROCK_METAL,NASA_VESTA_FACTS,PENDING_REVIEW,,,STRONGLY_CONSTRAINED,DIFFERENTIATED,NASA_DAWN_VESTA,STRONGLY_CONSTRAINED,PAST_ONLY,NASA_DAWN_VESTA,PENDING_REVIEW,,,NA_NOT_APPLICABLE,,PROTOCOL_DIRECT_SUN_DEFAULT,SMALLBODY_MISSION_04_2026-09-24,Mission/sample-return anchor coding; ancient aqueous alteration is not converted into a current-ocean claim.,UNEXPOSED_TO_QCA_RESULT
S02,Pallas,small_body,PENDING_REVIEW,,,PENDING_REVIEW,,,PENDING_REVIEW,,,PENDING_REVIEW,,,PENDING_REVIEW,,,PENDING_REVIEW,,,,,UNEXPOSED_TO_QCA_RESULT
S03,Hygiea,small_body,PENDING_REVIEW,,,PENDING_REVIEW,,,PENDING_REVIEW,,,PENDING_REVIEW,,,PENDING_REVIEW,,,PENDING_REVIEW,,,,,UNEXPOSED_TO_QCA_RESULT
S04,Interamnia,small_body,PENDING_REVIEW,,,PENDING_REVIEW,,,PENDING_REVIEW,,,PENDING_REVIEW,,,PENDING_REVIEW,,,PENDING_REVIEW,,,,,UNEXPOSED_TO_QCA_RESULT
S05,Eros,small_body,STRONGLY_CONSTRAINED,ROCK_METAL,NASA_EROS_NEAR,PENDING_REVIEW,,,STRONGLY_CONSTRAINED,UNDIFFERENTIATED_OR_RUBBLE,NASA_EROS_SOLID_UNIFORM,PENDING_REVIEW,,,PENDING_REVIEW,,,NA_NOT_APPLICABLE,,PROTOCOL_DIRECT_SUN_DEFAULT,SMALLBODY_MISSION_04_2026-09-24,Mission/sample-return anchor coding; ancient aqueous alteration is not converted into a current-ocean claim.,UNEXPOSED_TO_QCA_RESULT
S06,Bennu,small_body,DIRECT_MEASURED,CARBONACEOUS_HYDRATED,NASA_BENNU_SAMPLE,EVIDENCE_OF_ABSENCE,NONE_OR_NEGLIGIBLE,NASA_BENNU_FACTS,STRONGLY_CONSTRAINED,UNDIFFERENTIATED_OR_RUBBLE,NASA_BENNU_RUBBLE,PENDING_REVIEW,,,EVIDENCE_OF_ABSENCE,NO_EVIDENCE,NASA_BENNU_FACTS,NA_NOT_APPLICABLE,,PROTOCOL_DIRECT_SUN_DEFAULT,SMALLBODY_MISSION_04_2026-09-24,Mission/sample-return anchor coding; ancient aqueous alteration is not converted into a current-ocean claim.,UNEXPOSED_TO_QCA_RESULT
S07,Ryugu,small_body,DIRECT_MEASURED,CARBONACEOUS_HYDRATED,NASA_RYUGU_SAMPLE,PENDING_REVIEW,,,STRONGLY_CONSTRAINED,UNDIFFERENTIATED_OR_RUBBLE,NASA_RYUGU_RUBBLE,PENDING_REVIEW,,,PENDING_REVIEW,,,NA_NOT_APPLICABLE,,PROTOCOL_DIRECT_SUN_DEFAULT,SMALLBODY_MISSION_04_2026-09-24,Mission/sample-return anchor coding; ancient aqueous alteration is not converted into a current-ocean claim.,UNEXPOSED_TO_QCA_RESULT
S08,Itokawa,small_body,DIRECT_MEASURED,ROCK_METAL,NASA_ITOKAWA_FACTS,PENDING_REVIEW,,,STRONGLY_CONSTRAINED,UNDIFFERENTIATED_OR_RUBBLE,NASA_ITOKAWA_FACTS,PENDING_REVIEW,,,PENDING_REVIEW,,,NA_NOT_APPLICABLE,,PROTOCOL_DIRECT_SUN_DEFAULT,SMALLBODY_MISSION_04_2026-09-24,Mission/sample-return anchor coding; ancient aqueous alteration is not converted into a current-ocean claim.,UNEXPOSED_TO_QCA_RESULT
S09,Quaoar,small_body,PENDING_REVIEW,,,PENDING_REVIEW,,,PENDING_REVIEW,,,PENDING_REVIEW,,,PENDING_REVIEW,,,PENDING_REVIEW,,,,,UNEXPOSED_TO_QCA_RESULT
S10,Orcus,small_body,PENDING_REVIEW,,,PENDING_REVIEW,,,PENDING_REVIEW,,,PENDING_REVIEW,,,PENDING_REVIEW,,,PENDING_REVIEW,,,,,UNEXPOSED_TO_QCA_RESULT
S11,Sedna,small_body,PENDING_REVIEW,,,PENDING_REVIEW,,,PENDING_REVIEW,,,PENDING_REVIEW,,,PENDING_REVIEW,,,PENDING_REVIEW,,,,,UNEXPOSED_TO_QCA_RESULT
S12,Gonggong,small_body,PENDING_REVIEW,,,PENDING_REVIEW,,,PENDING_REVIEW,,,PENDING_REVIEW,,,PENDING_REVIEW,,,PENDING_REVIEW,,,,,UNEXPOSED_TO_QCA_RESULT
S13,Salacia,small_body,PENDING_REVIEW,,,PENDING_REVIEW,,,PENDING_REVIEW,,,PENDING_REVIEW,,,PENDING_REVIEW,,,PENDING_REVIEW,,,,,UNEXPOSED_TO_QCA_RESULT
S14,Varda,small_body,PENDING_REVIEW,,,PENDING_REVIEW,,,PENDING_REVIEW,,,PENDING_REVIEW,,,PENDING_REVIEW,,,PENDING_REVIEW,,,,,UNEXPOSED_TO_QCA_RESULT
S15,Ixion,small_body,PENDING_REVIEW,,,PENDING_REVIEW,,,PENDING_REVIEW,,,PENDING_REVIEW,,,PENDING_REVIEW,,,PENDING_REVIEW,,,,,UNEXPOSED_TO_QCA_RESULT
S16,Varuna,small_body,PENDING_REVIEW,,,PENDING_REVIEW,,,PENDING_REVIEW,,,PENDING_REVIEW,,,PENDING_REVIEW,,,PENDING_REVIEW,,,,,UNEXPOSED_TO_QCA_RESULT
