case_id,name,official_class,primary_body,orbit_status,heliocentric_semimajor_axis_au,heliocentric_a_value_type,primary_orbit_semimajor_axis_km,eccentricity,inclination_deg,orbital_period_days,host_solar_distance_au,frame,epoch_tdb,ephemeris,source_key,source_tier,retrieved_date,notes
P01,Mercury,planet,Sun,INGESTED_JPL_APPROX_ELEMENTS,0.38709927,JPL_RAW_APPROX_ELEMENT,,0.20563593,7.00497902,87.96925717,0.38709927,mean ecliptic/equinox J2000,J2000 reference elements,approximate Keplerian fit,JPL_APPROX_PLANET_ELEMENTS,OFFICIAL_JPL,2026-09-24,"J2000 fit 1800-2050; lower-accuracy approximate-elements product, not a Horizons ephemeris."
P02,Venus,planet,Sun,INGESTED_JPL_APPROX_ELEMENTS,0.72333566,JPL_RAW_APPROX_ELEMENT,,0.00677672,3.39467605,224.7007992,0.72333566,mean ecliptic/equinox J2000,J2000 reference elements,approximate Keplerian fit,JPL_APPROX_PLANET_ELEMENTS,OFFICIAL_JPL,2026-09-24,"J2000 fit 1800-2050; lower-accuracy approximate-elements product, not a Horizons ephemeris."
P03,Earth,planet,Sun,INGESTED_JPL_APPROX_ELEMENTS,1.00000261,JPL_RAW_EM_BARY_PROXY,,0.01671123,-0.00001531,365.2563553,1.00000261,mean ecliptic/equinox J2000,J2000 reference elements,approximate Keplerian fit,JPL_APPROX_PLANET_ELEMENTS_EMB_PROXY,OFFICIAL_JPL,2026-09-24,"Earth-Moon barycenter proxy; J2000 fit 1800-2050; lower-accuracy approximate-elements product, not a Horizons ephemeris."
P04,Mars,planet,Sun,INGESTED_JPL_APPROX_ELEMENTS,1.52371034,JPL_RAW_APPROX_ELEMENT,,0.0933941,1.84969142,686.9795859,1.52371034,mean ecliptic/equinox J2000,J2000 reference elements,approximate Keplerian fit,JPL_APPROX_PLANET_ELEMENTS,OFFICIAL_JPL,2026-09-24,"J2000 fit 1800-2050; lower-accuracy approximate-elements product, not a Horizons ephemeris."
P05,Jupiter,planet,Sun,INGESTED_JPL_APPROX_ELEMENTS,5.202887,JPL_RAW_APPROX_ELEMENT,,0.04838624,1.30439695,4332.820129,5.202887,mean ecliptic/equinox J2000,J2000 reference elements,approximate Keplerian fit,JPL_APPROX_PLANET_ELEMENTS,OFFICIAL_JPL,2026-09-24,"J2000 fit 1800-2050; lower-accuracy approximate-elements product, not a Horizons ephemeris."
P06,Saturn,planet,Sun,INGESTED_JPL_APPROX_ELEMENTS,9.53667594,JPL_RAW_APPROX_ELEMENT,,0.05386179,2.48599187,10755.69864,9.53667594,mean ecliptic/equinox J2000,J2000 reference elements,approximate Keplerian fit,JPL_APPROX_PLANET_ELEMENTS,OFFICIAL_JPL,2026-09-24,"J2000 fit 1800-2050; lower-accuracy approximate-elements product, not a Horizons ephemeris."
P07,Uranus,planet,Sun,INGESTED_JPL_APPROX_ELEMENTS,19.18916464,JPL_RAW_APPROX_ELEMENT,,0.04725744,0.77263783,30687.153,19.18916464,mean ecliptic/equinox J2000,J2000 reference elements,approximate Keplerian fit,JPL_APPROX_PLANET_ELEMENTS,OFFICIAL_JPL,2026-09-24,"J2000 fit 1800-2050; lower-accuracy approximate-elements product, not a Horizons ephemeris."
P08,Neptune,planet,Sun,INGESTED_JPL_APPROX_ELEMENTS,30.06992276,JPL_RAW_APPROX_ELEMENT,,0.00859048,1.77004347,60190.02963,30.06992276,mean ecliptic/equinox J2000,J2000 reference elements,approximate Keplerian fit,JPL_APPROX_PLANET_ELEMENTS,OFFICIAL_JPL,2026-09-24,"J2000 fit 1800-2050; lower-accuracy approximate-elements product, not a Horizons ephemeris."
D01,Ceres,dwarf_planet,Sun,INGESTED_DERIVED_A,2.769920367,DERIVED_KEPLER_FROM_JPL_PERIOD,,,,1683.8025,2.769920367,,,,JPL_PLANET_PHYS_PERIOD,OFFICIAL_JPL,2026-09-24,Heliocentric a derived from JPL sidereal orbital period using a_AU=(P_year)^2/3 under 1-solar-mass Kepler approximation; direct catalog a still preferred for final raw freeze.
D02,Pluto,dwarf_planet,Sun,INGESTED_DERIVED_A,39.46466930,DERIVED_KEPLER_FROM_JPL_PERIOD,,,,90553.01741,39.46466930,,,,JPL_PLANET_PHYS_PERIOD,OFFICIAL_JPL,2026-09-24,Heliocentric a derived from JPL sidereal orbital period using a_AU=(P_year)^2/3 under 1-solar-mass Kepler approximation; direct catalog a still preferred for final raw freeze.
D03,Haumea,dwarf_planet,Sun,INGESTED_DERIVED_A,43.28826264,DERIVED_KEPLER_FROM_JPL_PERIOD,,,,104026.8525,43.28826264,,,,JPL_PLANET_PHYS_PERIOD,OFFICIAL_JPL,2026-09-24,Heliocentric a derived from JPL sidereal orbital period using a_AU=(P_year)^2/3 under 1-solar-mass Kepler approximation; direct catalog a still preferred for final raw freeze.
D04,Makemake,dwarf_planet,Sun,INGESTED_DERIVED_A,45.56182099,DERIVED_KEPLER_FROM_JPL_PERIOD,,,,112328.985,45.56182099,,,,JPL_PLANET_PHYS_PERIOD,OFFICIAL_JPL,2026-09-24,Heliocentric a derived from JPL sidereal orbital period using a_AU=(P_year)^2/3 under 1-solar-mass Kepler approximation; direct catalog a still preferred for final raw freeze.
D05,Eris,dwarf_planet,Sun,INGESTED_DERIVED_A,67.74247706,DERIVED_KEPLER_FROM_JPL_PERIOD,,,,203648.79,67.74247706,,,,JPL_PLANET_PHYS_PERIOD,OFFICIAL_JPL,2026-09-24,Heliocentric a derived from JPL sidereal orbital period using a_AU=(P_year)^2/3 under 1-solar-mass Kepler approximation; direct catalog a still preferred for final raw freeze.
M01,Moon,satellite,Earth,INGESTED_JPL_MEAN_ELEMENTS,,,384400,0.0554,5.16,27.322,1.00000261,ecliptic,2000-01-01.5,DE405/LE405,JPL_SAT_MEAN_ELEMENTS,OFFICIAL_JPL,2026-09-24,"Primary-centric mean elements from JPL satellite mean-elements table; adequate for comparative descriptors, not high-fidelity ephemeris computation."
M02,Phobos,satellite,Mars,INGESTED_JPL_MEAN_ELEMENTS,,,9375,0.015,1.1,0.3187,1.52371034,Laplace,2000-01-01.5,MAR099,JPL_SAT_MEAN_ELEMENTS,OFFICIAL_JPL,2026-09-24,"Primary-centric mean elements from JPL satellite mean-elements table; adequate for comparative descriptors, not high-fidelity ephemeris computation."
M03,Deimos,satellite,Mars,INGESTED_JPL_MEAN_ELEMENTS,,,23457,0,1.8,1.2625,1.52371034,Laplace,2000-01-01.5,MAR099,JPL_SAT_MEAN_ELEMENTS,OFFICIAL_JPL,2026-09-24,"Primary-centric mean elements from JPL satellite mean-elements table; adequate for comparative descriptors, not high-fidelity ephemeris computation."
M04,Io,satellite,Jupiter,INGESTED_JPL_MEAN_ELEMENTS,,,421800,0.004,0,1.762732,5.202887,Laplace,2000-01-01.5,JUP365,JPL_SAT_MEAN_ELEMENTS,OFFICIAL_JPL,2026-09-24,"Primary-centric mean elements from JPL satellite mean-elements table; adequate for comparative descriptors, not high-fidelity ephemeris computation."
M05,Europa,satellite,Jupiter,INGESTED_JPL_MEAN_ELEMENTS,,,671100,0.009,0.5,3.525463,5.202887,Laplace,2000-01-01.5,JUP365,JPL_SAT_MEAN_ELEMENTS,OFFICIAL_JPL,2026-09-24,"Primary-centric mean elements from JPL satellite mean-elements table; adequate for comparative descriptors, not high-fidelity ephemeris computation."
M06,Ganymede,satellite,Jupiter,INGESTED_JPL_MEAN_ELEMENTS,,,1070400,0.001,0.2,7.155588,5.202887,Laplace,2000-01-01.5,JUP365,JPL_SAT_MEAN_ELEMENTS,OFFICIAL_JPL,2026-09-24,"Primary-centric mean elements from JPL satellite mean-elements table; adequate for comparative descriptors, not high-fidelity ephemeris computation."
M07,Callisto,satellite,Jupiter,INGESTED_JPL_MEAN_ELEMENTS,,,1882700,0.007,0.3,16.69044,5.202887,Laplace,2000-01-01.5,JUP365,JPL_SAT_MEAN_ELEMENTS,OFFICIAL_JPL,2026-09-24,"Primary-centric mean elements from JPL satellite mean-elements table; adequate for comparative descriptors, not high-fidelity ephemeris computation."
M08,Mimas,satellite,Saturn,INGESTED_JPL_MEAN_ELEMENTS,,,186000,0.02,1.6,0.942422,9.53667594,Laplace,2000-01-01.5,SAT441,JPL_SAT_MEAN_ELEMENTS,OFFICIAL_JPL,2026-09-24,"Primary-centric mean elements from JPL satellite mean-elements table; adequate for comparative descriptors, not high-fidelity ephemeris computation."
M09,Enceladus,satellite,Saturn,INGESTED_JPL_MEAN_ELEMENTS,,,238400,0.005,0,1.370218,9.53667594,Laplace,2000-01-01.5,SAT441,JPL_SAT_MEAN_ELEMENTS,OFFICIAL_JPL,2026-09-24,"Primary-centric mean elements from JPL satellite mean-elements table; adequate for comparative descriptors, not high-fidelity ephemeris computation."
M10,Tethys,satellite,Saturn,INGESTED_JPL_MEAN_ELEMENTS,,,295000,0.001,1.1,1.887802,9.53667594,Laplace,2000-01-01.5,SAT441,JPL_SAT_MEAN_ELEMENTS,OFFICIAL_JPL,2026-09-24,"Primary-centric mean elements from JPL satellite mean-elements table; adequate for comparative descriptors, not high-fidelity ephemeris computation."
M11,Dione,satellite,Saturn,INGESTED_JPL_MEAN_ELEMENTS,,,377700,0.002,0,2.736916,9.53667594,Laplace,2000-01-01.5,SAT441,JPL_SAT_MEAN_ELEMENTS,OFFICIAL_JPL,2026-09-24,"Primary-centric mean elements from JPL satellite mean-elements table; adequate for comparative descriptors, not high-fidelity ephemeris computation."
M12,Rhea,satellite,Saturn,INGESTED_JPL_MEAN_ELEMENTS,,,527200,0.001,0.3,4.517503,9.53667594,Laplace,2000-01-01.5,SAT441,JPL_SAT_MEAN_ELEMENTS,OFFICIAL_JPL,2026-09-24,"Primary-centric mean elements from JPL satellite mean-elements table; adequate for comparative descriptors, not high-fidelity ephemeris computation."
M13,Titan,satellite,Saturn,INGESTED_JPL_MEAN_ELEMENTS,,,1221900,0.029,0.3,15.945448,9.53667594,Laplace,2000-01-01.5,SAT441,JPL_SAT_MEAN_ELEMENTS,OFFICIAL_JPL,2026-09-24,"Primary-centric mean elements from JPL satellite mean-elements table; adequate for comparative descriptors, not high-fidelity ephemeris computation."
M14,Iapetus,satellite,Saturn,INGESTED_JPL_MEAN_ELEMENTS,,,3561700,0.028,7.6,79.331002,9.53667594,Laplace,2000-01-01.5,SAT441,JPL_SAT_MEAN_ELEMENTS,OFFICIAL_JPL,2026-09-24,"Primary-centric mean elements from JPL satellite mean-elements table; adequate for comparative descriptors, not high-fidelity ephemeris computation."
M15,Miranda,satellite,Uranus,INGESTED_JPL_MEAN_ELEMENTS,,,129846,0.001,4.4,1.413479,19.18916464,equatorial,2000-01-01.5,URA182,JPL_SAT_MEAN_ELEMENTS,OFFICIAL_JPL,2026-09-24,"Primary-centric mean elements from JPL satellite mean-elements table; adequate for comparative descriptors, not high-fidelity ephemeris computation."
M16,Ariel,satellite,Uranus,INGESTED_JPL_MEAN_ELEMENTS,,,190929,0.001,0,2.520379,19.18916464,equatorial,2000-01-01.5,URA182,JPL_SAT_MEAN_ELEMENTS,OFFICIAL_JPL,2026-09-24,"Primary-centric mean elements from JPL satellite mean-elements table; adequate for comparative descriptors, not high-fidelity ephemeris computation."
M17,Umbriel,satellite,Uranus,INGESTED_JPL_MEAN_ELEMENTS,,,265986,0.004,0.1,4.144177,19.18916464,equatorial,2000-01-01.5,URA182,JPL_SAT_MEAN_ELEMENTS,OFFICIAL_JPL,2026-09-24,"Primary-centric mean elements from JPL satellite mean-elements table; adequate for comparative descriptors, not high-fidelity ephemeris computation."
M18,Titania,satellite,Uranus,INGESTED_JPL_MEAN_ELEMENTS,,,436298,0.002,0.1,8.705869,19.18916464,equatorial,2000-01-01.5,URA182,JPL_SAT_MEAN_ELEMENTS,OFFICIAL_JPL,2026-09-24,"Primary-centric mean elements from JPL satellite mean-elements table; adequate for comparative descriptors, not high-fidelity ephemeris computation."
M19,Oberon,satellite,Uranus,INGESTED_JPL_MEAN_ELEMENTS,,,583511,0.002,0.1,13.463237,19.18916464,equatorial,2000-01-01.5,URA182,JPL_SAT_MEAN_ELEMENTS,OFFICIAL_JPL,2026-09-24,"Primary-centric mean elements from JPL satellite mean-elements table; adequate for comparative descriptors, not high-fidelity ephemeris computation."
M20,Triton,satellite,Neptune,INGESTED_JPL_MEAN_ELEMENTS,,,354800,0,157.3,5.876994,30.06992276,Laplace,2000-01-01.5,NEP097,JPL_SAT_MEAN_ELEMENTS,OFFICIAL_JPL,2026-09-24,"Primary-centric mean elements from JPL satellite mean-elements table; adequate for comparative descriptors, not high-fidelity ephemeris computation."
M21,Charon,satellite,Pluto,INGESTED_JPL_MEAN_ELEMENTS,,,19600,0,0,6.387222,39.4646693,equatorial,2000-01-01.5,PLU060,JPL_SAT_MEAN_ELEMENTS,OFFICIAL_JPL,2026-09-24,"Primary-centric mean elements from JPL satellite mean-elements table; adequate for comparative descriptors, not high-fidelity ephemeris computation."
S01,Vesta,small_body,Sun,INGESTED_PRIORITY10,2.36151,OFFICIAL_STATIC_ORBIT,,0.098758,6.39234,,2.36151,heliocentric/ecliptic as source,source-specific,source publication/static product,NASA_PDS_VESTA,OFFICIAL_STATIC_ORBIT,2026-09-24,Readiness priority-10 orbit; source-specific published/static semimajor axis. Not a uniform-epoch Horizons solution.
S02,Pallas,small_body,Sun,INGESTED_PRIORITY10,2.7721532,OFFICIAL_STATIC_ORBIT,,0.23099956,34.84090,,2.7721532,heliocentric/ecliptic as source,source-specific,source publication/static product,JPL_SB_ELEMENT_PALLAS,OFFICIAL_STATIC_ORBIT,2026-09-24,Readiness priority-10 orbit; source-specific published/static semimajor axis. Not a uniform-epoch Horizons solution.
S03,Hygiea,small_body,Sun,INGESTED_PRIORITY10,3.141,PEER_REVIEWED_ORBIT,,0.113,3.832,,3.141,heliocentric/ecliptic as source,source-specific,source publication/static product,HYGIEA_ORBIT_PEER_REVIEWED,PEER_REVIEWED_ORBIT,2026-09-24,Readiness priority-10 orbit; source-specific published/static semimajor axis. Not a uniform-epoch Horizons solution.
S04,Interamnia,small_body,Sun,INGESTED_PRIORITY10,3.056,PEER_REVIEWED_ORBIT,,0.155,17.311,,3.056,heliocentric/ecliptic as source,source-specific,source publication/static product,INTERAMNIA_ORBIT_2023,PEER_REVIEWED_ORBIT,2026-09-24,Readiness priority-10 orbit; source-specific published/static semimajor axis. Not a uniform-epoch Horizons solution.
S05,Eros,small_body,Sun,INGESTED_PRIORITY10,1.4579,OFFICIAL_STATIC_ORBIT,,0.2226,10.828,,1.4579,heliocentric/ecliptic as source,source-specific,source publication/static product,NASA_PDS_EROS,OFFICIAL_STATIC_ORBIT,2026-09-24,Readiness priority-10 orbit; source-specific published/static semimajor axis. Not a uniform-epoch Horizons solution.
S06,Bennu,small_body,Sun,INGESTED_PRIORITY10,1.1264,OFFICIAL_STATIC_ORBIT,,0.21145,5.0415,,1.1264,heliocentric/ecliptic as source,source-specific,source publication/static product,NASA_PDS_BENNU,OFFICIAL_STATIC_ORBIT,2026-09-24,Readiness priority-10 orbit; source-specific published/static semimajor axis. Not a uniform-epoch Horizons solution.
S07,Ryugu,small_body,Sun,INGESTED_PRIORITY10,1.1896,OFFICIAL_STATIC_ORBIT,,0.1902,5.8837,,1.1896,heliocentric/ecliptic as source,source-specific,source publication/static product,NASA_PDS_RYUGU,OFFICIAL_STATIC_ORBIT,2026-09-24,Readiness priority-10 orbit; source-specific published/static semimajor axis. Not a uniform-epoch Horizons solution.
S08,Itokawa,small_body,Sun,INGESTED_PRIORITY10,1.3241,OFFICIAL_STATIC_ORBIT,,0.2801,1.6214,,1.3241,heliocentric/ecliptic as source,source-specific,source publication/static product,NASA_PDS_ITOKAWA,OFFICIAL_STATIC_ORBIT,2026-09-24,Readiness priority-10 orbit; source-specific published/static semimajor axis. Not a uniform-epoch Horizons solution.
S09,Quaoar,small_body,Sun,INGESTED_PRIORITY10,43.51,PEER_REVIEWED_ORBIT,,0.035,7.98,,43.51,heliocentric/ecliptic as source,source-specific,source publication/static product,QUAOAR_ORBIT_2013,PEER_REVIEWED_ORBIT,2026-09-24,Readiness priority-10 orbit; source-specific published/static semimajor axis. Not a uniform-epoch Horizons solution.
S10,Orcus,small_body,Sun,INGESTED_PRIORITY10,39.3,PEER_REVIEWED_ORBIT,,0.22,20.5,,39.3,heliocentric/ecliptic as source,source-specific,source publication/static product,ORCUS_ORBIT_2019,PEER_REVIEWED_ORBIT,2026-09-24,Readiness priority-10 orbit; source-specific published/static semimajor axis. Not a uniform-epoch Horizons solution.
S11,Sedna,small_body,Sun,NA_NOT_INGESTED,,,,,,,,,,,JPL_SBDB_API_PLANNED,OFFICIAL_JPL,2026-09-24,Small-body osculating elements pending frozen SBDB snapshot; no orbit numbers fabricated.
S12,Gonggong,small_body,Sun,NA_NOT_INGESTED,,,,,,,,,,,JPL_SBDB_API_PLANNED,OFFICIAL_JPL,2026-09-24,Small-body osculating elements pending frozen SBDB snapshot; no orbit numbers fabricated.
S13,Salacia,small_body,Sun,NA_NOT_INGESTED,,,,,,,,,,,JPL_SBDB_API_PLANNED,OFFICIAL_JPL,2026-09-24,Small-body osculating elements pending frozen SBDB snapshot; no orbit numbers fabricated.
S14,Varda,small_body,Sun,NA_NOT_INGESTED,,,,,,,,,,,JPL_SBDB_API_PLANNED,OFFICIAL_JPL,2026-09-24,Small-body osculating elements pending frozen SBDB snapshot; no orbit numbers fabricated.
S15,Ixion,small_body,Sun,NA_NOT_INGESTED,,,,,,,,,,,JPL_SBDB_API_PLANNED,OFFICIAL_JPL,2026-09-24,Small-body osculating elements pending frozen SBDB snapshot; no orbit numbers fabricated.
S16,Varuna,small_body,Sun,NA_NOT_INGESTED,,,,,,,,,,,JPL_SBDB_API_PLANNED,OFFICIAL_JPL,2026-09-24,Small-body osculating elements pending frozen SBDB snapshot; no orbit numbers fabricated.
